事件,團體,X__1,X__2,X__3,X__4,X__5,X__6,X__7,X__8,X__9,X__10,X__11,X__12,X__13,X__14,X__15,X__16,X__17,X__18,X__19,X__20,X__21,X__22,X__23,X__24,X__25,X__26,X__27,X__28,X__29,X__30,X__31,X__32,X__33,X__34,X__35,X__36,X__37,X__38,X__39,X__40,X__41,X__42,X__43,X__44,X__45,X__46,X__47,X__48,X__49,X__50,X__51,X__52,X__53,X__54,X__55,X__56,X__57,X__58,X__59,X__60,X__61,X__62,X__63,X__64,X__65,X__66,X__67,X__68,X__69,X__70,X__71,X__72,X__73,X__74,X__75,X__76,X__77,X__78,X__79,X__80,X__81,X__82,X__83,X__84,X__85,X__86,X__87,X__88,X__89,X__90,X__91,X__92,X__93,X__94,X__95,X__96,X__97,X__98,X__99,X__100,X__101,X__102,X__103,X__104,X__105,X__106,X__107,X__108,X__109,X__110
12反核遊行,人本教育基金會,人民火大行動聯盟,人權公約施行監督聯盟,工作傷害受害人協會,中華進步利用協會,公民監督國會聯盟,天主教嘉祿國際移民組織台灣分會,主婦聯盟環境保護基金會,台北律師公會環境法委員會,台灣二十一世紀議程協會,台灣人權促進會,台灣小留學生家長協進會,主婦聯盟生活消費合作社,台灣北社,台灣生態學會,同志諮詢熱線,台灣青年智庫,台灣原住民族部落行動聯盟,台灣國際家庭互助協會,台灣基督長老教會,台灣婦女團體全國聯合會,台灣教授協會,台灣農村陣線,台灣團結聯盟,廢除死刑推動聯盟,台灣環境保護聯盟,台灣環境資訊協會,台灣蠻野心足生態協會,民間司法改革基金會,光合教育工作室,全國教師工會總聯合會,地球公民基金會,全國自主勞工聯盟,李江却台語文教基金會,宜蘭人文基金會,宜蘭縣崗給原住民永續發展協會,社區大學全國促進會,中華民國視覺藝術協會,非核家園大聯盟,柳河文化工作室,看守台灣協會,荒野保護協會,國際特赦組織台灣分會,台灣國際勞工協會,OURs專業者都市改革組織,媒體改造學社,黑手那卡西,新北市三重社區大學,新北市板橋社區大學,新北市林口社區大學,新北市淡水社區大學,新北市新店崇光社區大學,新北市新莊社區大學,新北市萬金石海洋社區大學,新北市樹林社區大學,新北市蘆荻社區大學,台灣圖博之友會,瘋綠電聯盟,綠色公民行動聯盟,綠色消費者基金會,綠黨,台北市文山社區大學,台北市北投社區大學,台北市永和社區大學,勵馨基金會,環境法律人協會,藍色東港溪保育協會,蘭嶼青年行動聯盟,鹽寮反核自救會,,,,,,,,,,,,,,,,,,,,,,,,,,,,,,,,,,,,,,,,,,
12圖博遊行,在台藏人福利協會,西藏青年會台灣分會,西藏婦女會台灣分會,台灣圖博之友會,台灣自由圖博學生聯盟,,,,,,,,,,,,,,,,,,,,,,,,,,,,,,,,,,,,,,,,,,,,,,,,,,,,,,,,,,,,,,,,,,,,,,,,,,,,,,,,,,,,,,,,,,,,,,,,,,,,,,,,,,
文林苑事件,台灣都市更新受害者聯盟,反迫遷連線,台灣人權促進會,民間司法改革基金會,人權公約施行監督聯盟,,,,,,,,,,,,,,,,,,,,,,,,,,,,,,,,,,,,,,,,,,,,,,,,,,,,,,,,,,,,,,,,,,,,,,,,,,,,,,,,,,,,,,,,,,,,,,,,,,,,,,,,,,
反美牛,公民監督國會聯盟,水患治理監督聯盟,主婦聯盟生活消費合作社,主婦聯盟環境保護基金會,台北市文山社區大學,台灣青年反美牛聯盟,台灣環境保護聯盟,全球綠人台灣之友會,社區大學全國促進會,看守台灣協會,動物保護行政監督委員會,國際單親兒童文教基金會,關懷生命協會,,,,,,,,,,,,,,,,,,,,,,,,,,,,,,,,,,,,,,,,,,,,,,,,,,,,,,,,,,,,,,,,,,,,,,,,,,,,,,,,,,,,,,,,,,,,,,,,,,
12五一遊行,團結工聯,新高市產業總工會,台南市產業總工會,苗栗縣產業總工會,新竹縣產業總工會,桃園縣產業總工會,台北市產業總工會,宜蘭縣產業總工會,中華電信工會,台塑關係企業工會聯合會,全國自主勞工聯盟,大高雄總工會,台灣大學工會,台灣高等教育產業工會,台灣基層護理產業工會,醫師勞動條件改革小組,台灣鐵路工會,法律扶助基金會,台灣電子電機資訊產業工會,新竹地區保全業產業工會,工作傷害受害人協會,台灣國際勞工協會,台灣移工聯盟,天主教會新竹教區越南外勞配偶辦公室,勞動人權協會,人民火大行動聯盟,反教育商品化聯盟,行南文化協會,反大學法人化陣線,大學學生權利調查評鑑小組,,,,,,,,,,,,,,,,,,,,,,,,,,,,,,,,,,,,,,,,,,,,,,,,,,,,,,,,,,,,,,,,,,,,,,,,,,,,,,,,,
12六四晚會,台灣學生促進中國民主化促進會,華人民主書院,台灣關懷中國人權聯盟,台灣人權促進會,台灣青年反共救國團,台灣自由圖博學生聯盟,國際特赦組織台灣分會,公共知識份子雜誌社,台灣圖博之友會,,,,,,,,,,,,,,,,,,,,,,,,,,,,,,,,,,,,,,,,,,,,,,,,,,,,,,,,,,,,,,,,,,,,,,,,,,,,,,,,,,,,,,,,,,,,,,,,,,,,,,
鍾鼎邦事件,人本教育基金會,公民監督國會聯盟,主婦聯盟環境保護基金會,台灣人權促進會,台灣小留學生家長協進會,台灣北社,台灣母語聯盟,台灣民間真相與和解促進會,台灣守護民主平台,台灣投資中國受害者協會,台灣社,台灣南社,台灣基督長老教會,台灣教授協會,台灣勞工陣線,台灣圖博之友會,台灣醫社,台灣關懷中國人權聯盟,民間司法改革基金會,青平台基金會,看守台灣協會,高雄市社區大學促進會,國際特赦組織台灣分會,婦女新知基金會,陳文成基金會,華人民主書院,綠色公民行動聯盟,綠色主張工作室,綠色消費者基金會,廢除死刑推動聯盟,鄭南榕基金會,貓頭鷹親子教育基金會,台灣蠻野心足生態協會,,,,,,,,,,,,,,,,,,,,,,,,,,,,,,,,,,,,,,,,,,,,,,,,,,,,,,,,,,,,,,,,,,,,,,,,,,,,,,
抗議中國官員事件,台灣團結聯盟,台灣投資中國受害者協會,法輪功,台灣南社,台灣青年反共救國團,,,,,,,,,,,,,,,,,,,,,,,,,,,,,,,,,,,,,,,,,,,,,,,,,,,,,,,,,,,,,,,,,,,,,,,,,,,,,,,,,,,,,,,,,,,,,,,,,,,,,,,,,,
華隆罷工,華隆工會,勞動黨,苗栗後生會,台灣國際勞工協會,台灣電子電機資訊產業工會,工人國際委員會,,,,,,,,,,,,,,,,,,,,,,,,,,,,,,,,,,,,,,,,,,,,,,,,,,,,,,,,,,,,,,,,,,,,,,,,,,,,,,,,,,,,,,,,,,,,,,,,,,,,,,,,,
反媒體壟斷,901反媒體壟斷聯盟,人本教育基金會,公民參與媒體改造聯盟,公民監督國會聯盟,公義生態社會聯盟,反媒體巨獸青年聯盟,台灣人權促進會,台灣少年權益與福利促進聯盟,台灣守護民主平台,台灣自由圖博學生聯盟,台灣青年反共救國團,台灣勞工陣線,台灣媒體觀察教育基金會,台灣新聞記者協會,民間司法改革基金會,社區大學全國促進會,國際特赦組織台灣分會,陳文成基金會,媒體改造學社,傳播學生鬥陣,廢除死刑推動聯盟,環境法律人協會,,,,,,,,,,,,,,,,,,,,,,,,,,,,,,,,,,,,,,,,,,,,,,,,,,,,,,,,,,,,,,,,,,,,,,,,,,,,,,,,,,,,,,,,,
法輪功反共事件一,法輪功,台灣團結聯盟,台灣南社,台灣農努聯盟,908台灣國總部,,,,,,,,,,,,,,,,,,,,,,,,,,,,,,,,,,,,,,,,,,,,,,,,,,,,,,,,,,,,,,,,,,,,,,,,,,,,,,,,,,,,,,,,,,,,,,,,,,,,,,,,,,
知本卡地布反遷葬,卡地布部落議會,卡地布青年會,環境法律人協會,,,,,,,,,,,,,,,,,,,,,,,,,,,,,,,,,,,,,,,,,,,,,,,,,,,,,,,,,,,,,,,,,,,,,,,,,,,,,,,,,,,,,,,,,,,,,,,,,,,,,,,,,,,,
保釣大遊行,人人保釣大聯盟,,,,,,,,,,,,,,,,,,,,,,,,,,,,,,,,,,,,,,,,,,,,,,,,,,,,,,,,,,,,,,,,,,,,,,,,,,,,,,,,,,,,,,,,,,,,,,,,,,,,,,,,,,,,,,
12同志遊行,台灣同志遊行聯盟,日日春關懷互助協會,台灣人權促進會,台灣女性學學會,台灣伴侶權益推動聯盟,台灣和平草根聯盟,台灣性別人權協會,台灣性別平等教育協會,台灣紅絲帶基金會,台灣關愛之家協會,同光同志長老教會,同志父母愛心協會,台灣同志家庭權益促進會,中央大學性／別研究室,同志諮詢熱線,愛滋感染者權益促進會,青平台基金會,國際特赦組織台灣分會,華人民主書院,,,,,,,,,,,,,,,,,,,,,,,,,,,,,,,,,,,,,,,,,,,,,,,,,,,,,,,,,,,,,,,,,,,,,,,,,,,,,,,,,,,,,,,,,,,,
反高學費,反教育商品化聯盟,台灣高等教育產業工會,全國教師工會總聯合會,華隆工會,,,,,,,,,,,,,,,,,,,,,,,,,,,,,,,,,,,,,,,,,,,,,,,,,,,,,,,,,,,,,,,,,,,,,,,,,,,,,,,,,,,,,,,,,,,,,,,,,,,,,,,,,,,
12障礙遊行,千障權益行動聯盟,,,,,,,,,,,,,,,,,,,,,,,,,,,,,,,,,,,,,,,,,,,,,,,,,,,,,,,,,,,,,,,,,,,,,,,,,,,,,,,,,,,,,,,,,,,,,,,,,,,,,,,,,,,,,,
12秋鬥,人民火大行動聯盟,三鶯部落自救會,工作傷害受害人協會,中央大學性／別研究室,反教育商品化聯盟,日日春關懷互助協會,世新大學社會發展所,台北市產業總工會,台灣性別人權協會,台灣社會研究季刊社,台灣高等教育產業工會,台灣區倉儲運輸業工會聯合會,台灣國際家庭互助協會,台灣國際勞工協會,台灣基層護理產業工會,台灣移工聯盟,台灣都市更新受害者聯盟,台灣農村陣線,台灣蠻野心足生態協會,全國自主勞工聯盟,全國教師工會總聯合會,醫師勞動條件改革小組,非典型勞動工作坊,捍衛農鄉聯盟,桃園在地聯盟,桃園縣教育產業工會,消防員工作權益促進會,高雄市教育產業工會,陳家自救會,華光社區訪調小組,菲律賓歸僑關懷連線,黑手那卡西,新竹縣產業總工會,新海瓦斯工會,團結工聯,綠色公民行動聯盟,機場捷運A7站自救會,,,,,,,,,,,,,,,,,,,,,,,,,,,,,,,,,,,,,,,,,,,,,,,,,,,,,,,,,,,,,,,,,,,,,,,,,,
民進黨火大遊行,民主進步黨,非核家園大聯盟,全國金融業服務業產業工會,台灣基督長老教會,華隆工會,,,,,,,,,,,,,,,,,,,,,,,,,,,,,,,,,,,,,,,,,,,,,,,,,,,,,,,,,,,,,,,,,,,,,,,,,,,,,,,,,,,,,,,,,,,,,,,,,,,,,,,,,,
糧食主權,台灣農村陣線,捍衛農鄉聯盟,主婦聯盟生活消費合作社,反南鐵東移自救會,機場捷運A7站自救會,穀東俱樂部,綠色陣線協會,綠色公民行動聯盟,世新大學社會發展所,台灣人權促進會,,,,,,,,,,,,,,,,,,,,,,,,,,,,,,,,,,,,,,,,,,,,,,,,,,,,,,,,,,,,,,,,,,,,,,,,,,,,,,,,,,,,,,,,,,,,,,,,,,,,,
全國關廠工人臥軌,全國關廠工人連線,桃園縣產業總工會,台灣國際勞工協會,民間司法改革基金會,非典型勞動工作坊,台北市產業總工會,人民火大行動聯盟,全國自主勞工聯盟,,,,,,,,,,,,,,,,,,,,,,,,,,,,,,,,,,,,,,,,,,,,,,,,,,,,,,,,,,,,,,,,,,,,,,,,,,,,,,,,,,,,,,,,,,,,,,,,,,,,,,,
13共生音樂節,台灣國家聯盟,台灣二二八關懷總會,台灣教授協會,獨立青年陣線,靜宜大學台灣研究中心,,,,,,,,,,,,,,,,,,,,,,,,,,,,,,,,,,,,,,,,,,,,,,,,,,,,,,,,,,,,,,,,,,,,,,,,,,,,,,,,,,,,,,,,,,,,,,,,,,,,,,,,,,
13反核遊行,248農學市集,OURs專業者都市改革組織,RCA員工關懷協會,人本教育基金會,人民火大行動聯盟,人禾環境倫理發展基金會,三鶯部落自救會,土拉客農場,工作傷害受害人協會,中華民國景觀學會,中華民國視覺藝術協會,公民監督國會聯盟,化作春泥更護花青年行動聯盟,反核部隊,反媒體巨獸青年聯盟,日日春關懷互助協會,主婦聯盟生活消費合作社,主婦聯盟環境保護基金會,台北市女性權益促進會,台北市文山社區大學,台北市北投社區大學,台北市永和社區大學,台北市社區大學民間促進會,台北市家長協會,台北市產業總工會,台北律師公會環境法委員會,台灣人權促進會,台灣千里步道協會,台灣女人連線,台灣外星人研究所,台灣母語聯盟,台灣永續聯盟,台灣同志家庭權益促進會,台灣守護民主平台,台灣伴侶權益推動聯盟,台灣巡禮2,台灣性別平等教育協會,台灣東社,台灣法學會,台灣社區關懷協會,台灣高等教育產業工會,台灣動物社會研究會,台灣國際家庭互助協會,台灣國際勞工協會,耕聲人,台灣基督長老教會,台灣基層護理產業工會,台灣婦女團體全國聯合會,台灣教授協會,台灣勞工陣線,台灣農村陣線,台灣團結聯盟,台灣維新基金會,台灣獨立建國聯盟,台灣環境保護聯盟,台灣環境資訊協會,台灣聯合國協進會,台灣聯合國協進會青年團,台灣蠻野心足生態協會,民主進步黨,民間司法改革基金會,白刷刷黑戶人權行動聯盟,光合教育工作室,全國自主勞工聯盟,全國家長團體聯盟,全國教師工會總聯合會,同光同志長老教會,同志諮詢熱線,地球公民基金會,自然形成空間工作室,宜蘭人文基金會,宜蘭友善生活小舖,宜蘭縣環保聯盟,法律扶助基金會,社區大學全國促進會,綠色21台灣聯盟,青少年發聲網,青平台基金會,非核家園大聯盟,南洋台灣姊妹會,屏東縣愛鄉協會,洪雅書房,捍衛農鄉聯盟,桃園市反核辦公室,桃園在地聯盟,桃園縣教育產業工會,真光福音教會,草山生態文史聯盟,荒野保護協會,動物園復興運動家族,國際特赦組織台灣分會,婦女新知基金會,凱達格蘭學校,媒體改造學社,菲律賓歸僑關懷連線,黑手那卡西,媽媽監督核電廠聯盟,新北市愛鄉協會,新竹荒野鄉土關懷組,電音反核陣線,瘋綠電聯盟,綠色公民行動聯盟,綠黨,廢除死刑推動聯盟,激進陣線,親子共學促進會,環保聯盟北海岸分會,環境法律人協會,蘆荻社大鬥陣公共學習社,蘭嶼青年行動聯盟,鹽寮反核自救會
13圖博遊行,在台藏人福利協會,西藏青年會台灣分會,台灣圖博之友會,台灣自由圖博學生聯盟,台灣人權促進會,,,,,,,,,,,,,,,,,,,,,,,,,,,,,,,,,,,,,,,,,,,,,,,,,,,,,,,,,,,,,,,,,,,,,,,,,,,,,,,,,,,,,,,,,,,,,,,,,,,,,,,,,,
樂生遊行,樂生保留自救會,青年樂生聯盟,全國關廠工人連線,三鶯部落自救會,紹興社區自救會,華光社區訪調小組,日日春關懷互助協會,彰化溪州農民,反南鐵東移自救會,台灣農村陣線,台灣都市更新受害者聯盟,機場捷運A7站自救會,,,,,,,,,,,,,,,,,,,,,,,,,,,,,,,,,,,,,,,,,,,,,,,,,,,,,,,,,,,,,,,,,,,,,,,,,,,,,,,,,,,,,,,,,,,,,,,,,,,
華光強拆,華光社區反迫遷自救會,華光社區訪調小組,反迫遷連線,人權公約施行監督聯盟,台灣人權促進會,民間司法改革基金會,環境法律人協會,台灣都市更新受害者聯盟,,,,,,,,,,,,,,,,,,,,,,,,,,,,,,,,,,,,,,,,,,,,,,,,,,,,,,,,,,,,,,,,,,,,,,,,,,,,,,,,,,,,,,,,,,,,,,,,,,,,,,,
苑裡反瘋車,人權公約施行監督聯盟,北海岸環境自救會,台灣人權促進會,台灣蠻野心足生態協會,西海岸保育聯盟,苑裡反瘋車自救會,桃園在地聯盟,新屋鄉反瘋車自救會,彰化縣環境保護聯盟,環境法律人協會,,,,,,,,,,,,,,,,,,,,,,,,,,,,,,,,,,,,,,,,,,,,,,,,,,,,,,,,,,,,,,,,,,,,,,,,,,,,,,,,,,,,,,,,,,,,,,,,,,,,,
反美麗灣,人民火大行動聯盟,中央研究院民族所丘延亮研究室,公民監督國會聯盟,反反反行動聯盟,台北市角落關懷協會,台東廢核反核廢聯盟,台灣千里步道協會,台灣青年智庫,台灣家園韌力協會,台灣環境資訊協會,台灣蠻野心足生態協會,地球公民基金會,蘆荻社大鬥陣公共學習社,看守台灣協會,素人之亂,荒野保護協會,黑潮海洋文教基金會,綠色公民行動聯盟,,,,,,,,,,,,,,,,,,,,,,,,,,,,,,,,,,,,,,,,,,,,,,,,,,,,,,,,,,,,,,,,,,,,,,,,,,,,,,,,,,,,,,,,,,,,,
13五一遊行,全國關廠工人連線,全國產業總工會,全國教師工會總聯合會,全國金融業工會聯合總會,團結工聯,台灣鐵路工會,台灣公路工會,中華郵政工會,台灣港務工會,台灣高等教育產業工會,人民火大行動聯盟,勞動人權協會,青年勞動九五聯盟,台灣國際勞工協會,台灣勞工陣線,中華民國鐵路工會全國聯合會,大高雄總工會,桃園縣總工會,桃園縣職業總工會,中華民國全國勞工聯盟總會,全國工人總工會,,,,,,,,,,,,,,,,,,,,,,,,,,,,,,,,,,,,,,,,,,,,,,,,,,,,,,,,,,,,,,,,,,,,,,,,,,,,,,,,,,,,,,,,,,
拉瓦克抗爭,拉瓦克部落自救會,台灣人權促進會,,,,,,,,,,,,,,,,,,,,,,,,,,,,,,,,,,,,,,,,,,,,,,,,,,,,,,,,,,,,,,,,,,,,,,,,,,,,,,,,,,,,,,,,,,,,,,,,,,,,,,,,,,,,,
13六四晚會,台灣學生促進中國民主化促進會,華人民主書院,台灣關懷中國人權聯盟,公民媒體文化協會,台灣守護民主平台,台灣人權促進會,兩岸協議監督聯盟,台灣青年反共救國團,台灣維吾爾之友會,,,,,,,,,,,,,,,,,,,,,,,,,,,,,,,,,,,,,,,,,,,,,,,,,,,,,,,,,,,,,,,,,,,,,,,,,,,,,,,,,,,,,,,,,,,,,,,,,,,,,,
反服貿,大高雄總工會,中華民國老人福利推動聯盟,公民1985行動聯盟,反媒體巨獸青年聯盟,文化元年,台南市社區大學,台灣人權促進會,台灣少年權益與福利促進聯盟,台灣守護民主平台,台灣教授協會,台灣勞工陣線,台灣環境資訊協會,民間監督健保聯盟,地球公民基金會,兩岸協議監督聯盟,社區大學全國促進會,建教生權益促進聯盟,高雄市產業總工會,婦女新知基金會,殘障聯盟,綠色公民行動聯盟,澄社,勵馨基金會,反黑箱服貿民主陣線,,,,,,,,,,,,,,,,,,,,,,,,,,,,,,,,,,,,,,,,,,,,,,,,,,,,,,,,,,,,,,,,,,,,,,,,,,,,,,,,,,,,,,,
萬人送仲丘,公民1985行動聯盟,,,,,,,,,,,,,,,,,,,,,,,,,,,,,,,,,,,,,,,,,,,,,,,,,,,,,,,,,,,,,,,,,,,,,,,,,,,,,,,,,,,,,,,,,,,,,,,,,,,,,,,,,,,,,,
大埔事件佔領內政部,台灣農村陣線,竹南大埔自救會,捍衛農鄉聯盟,中港溪青年工作隊,卓蘭白布帆自救會,後龍灣寶自救會,後龍火葬場自救會,捍衛苗栗青年聯盟,竹南崎頂自救會,苑裡反瘋車自救會,苗栗大埔遭拆遷戶,苗栗好生活協會,苗栗生態環境協會,反迫遷連線,台灣都市更新受害者聯盟,人民火大行動聯盟,苗栗後生會,人權公約施行監督聯盟,台灣守護民主平台,台灣人權促進會,永社,澄社,環境法律人協會,鄭南榕基金會,台北律師公會人權委員會,台灣法學會,,,,,,,,,,,,,,,,,,,,,,,,,,,,,,,,,,,,,,,,,,,,,,,,,,,,,,,,,,,,,,,,,,,,,,,,,,,,,,,,,,,,,
反南鐵東移,反南鐵東移自救會,南鐵居住正義青年小組,惜根台灣協會,,,,,,,,,,,,,,,,,,,,,,,,,,,,,,,,,,,,,,,,,,,,,,,,,,,,,,,,,,,,,,,,,,,,,,,,,,,,,,,,,,,,,,,,,,,,,,,,,,,,,,,,,,,,
凱道伴桌,台灣伴侶權益推動聯盟,,,,,,,,,,,,,,,,,,,,,,,,,,,,,,,,,,,,,,,,,,,,,,,,,,,,,,,,,,,,,,,,,,,,,,,,,,,,,,,,,,,,,,,,,,,,,,,,,,,,,,,,,,,,,,
青年佔領凱道行動,黑色島國青年陣線,,,,,,,,,,,,,,,,,,,,,,,,,,,,,,,,,,,,,,,,,,,,,,,,,,,,,,,,,,,,,,,,,,,,,,,,,,,,,,,,,,,,,,,,,,,,,,,,,,,,,,,,,,,,,,
公民升旗典禮,公民1985行動聯盟,民間司法改革基金會,反黑箱服貿民主陣線,全國廢核行動平台,g0v零時政府,台灣農村陣線,憲法133實踐聯盟,,,,,,,,,,,,,,,,,,,,,,,,,,,,,,,,,,,,,,,,,,,,,,,,,,,,,,,,,,,,,,,,,,,,,,,,,,,,,,,,,,,,,,,,,,,,,,,,,,,,,,,,
13同志遊行,台灣同志遊行聯盟,同志諮詢熱線,台灣性別不明關懷協會,台灣紅絲帶基金會,台灣伴侶權益推動聯盟,台灣基地協會,台灣性別平等教育協會,同光同志長老教會,工人國際委員會,台灣女性學學會,台灣同志家庭權益促進會,婦女新知基金會,,,,,,,,,,,,,,,,,,,,,,,,,,,,,,,,,,,,,,,,,,,,,,,,,,,,,,,,,,,,,,,,,,,,,,,,,,,,,,,,,,,,,,,,,,,,,,,,,,,
全代會丟鞋,全國關廠工人連線,反迫遷連線,青年樂生聯盟,勞動黨,黑色島國青年陣線,台灣高等教育產業工會,工作傷害受害人協會,中華民國兒童權益促進協會,台北市產業總工會,台灣農村陣線,全國自主勞工聯盟,民間司法改革基金會,黑手那卡西,同志諮詢熱線,三鶯部落自救會,綠色公民行動聯盟,青年勞動九五聯盟,華隆自救會,地球公民基金會,桃園縣產業總工會,人民火大行動聯盟,台灣國際勞工協會,非典型勞動工作坊,台灣人權促進會,台灣都市更新受害者聯盟,,,,,,,,,,,,,,,,,,,,,,,,,,,,,,,,,,,,,,,,,,,,,,,,,,,,,,,,,,,,,,,,,,,,,,,,,,,,,,,,,,,,,,
13秋鬥,人民火大行動聯盟,三鶯部落自救會,大高雄總工會,工人國際委員會,工作傷害受害人協會,中央大學性／別研究室,中環股份有限公司關係企業工會,反南鐵東移自救會,天主教希望職工中心,天主教會新竹教區越南外勞配偶辦公室,日日春關懷互助協會,世新大學社會發展所,台北市產業總工會,華光社區訪調小組,同志諮詢熱線,台灣性別人權協會,台灣社會研究季刊社,台灣高等教育產業工會,台灣區倉儲運輸業工會聯合會,台灣國際家庭互助協會,台灣國際勞工協會,台灣基層護理產業工會,台灣都市更新受害者聯盟,台灣新聞傳播產業工會,台灣跨性別權益行動會,台灣農村陣線,台灣電子電機資訊產業工會,台灣蠻野心足生態協會,全國自主勞工聯盟,全國教師工會總聯合會,醫師勞動條件改革小組,青年勞動九五聯盟,非典型勞動工作坊,南洋台灣姊妹會,捍衛農鄉聯盟,桃園在地聯盟,桃園航空城自救會,桃園縣教育產業工會,桃園縣產業總工會,消防員工作權益促進會,財團法人台灣省天主教會新竹教區移民及外勞服務中心,高雄市教育產業工會,台灣基督長老教會,瓶蓋工廠守衛隊,陳家自救會,勞動黨,菲律賓歸僑關懷連線,陽明山古蹟聚落生態護育聯盟,黑手那卡西,新竹地區保全業產業工會,新竹縣產業總工會,新海瓦斯工會,團結工聯,綠色公民行動聯盟,機場捷運A7站自救會,,,,,,,,,,,,,,,,,,,,,,,,,,,,,,,,,,,,,,,,,,,,,,,,,,,,,,,,
法輪功反共事件二,法輪功,台灣團結聯盟,台灣南社,台灣農努聯盟,908台灣國總部,,,,,,,,,,,,,,,,,,,,,,,,,,,,,,,,,,,,,,,,,,,,,,,,,,,,,,,,,,,,,,,,,,,,,,,,,,,,,,,,,,,,,,,,,,,,,,,,,,,,,,,,,,
反同集會一,下一代幸福聯盟,,,,,,,,,,,,,,,,,,,,,,,,,,,,,,,,,,,,,,,,,,,,,,,,,,,,,,,,,,,,,,,,,,,,,,,,,,,,,,,,,,,,,,,,,,,,,,,,,,,,,,,,,,,,,,
13障礙遊行,千障權益行動聯盟,,,,,,,,,,,,,,,,,,,,,,,,,,,,,,,,,,,,,,,,,,,,,,,,,,,,,,,,,,,,,,,,,,,,,,,,,,,,,,,,,,,,,,,,,,,,,,,,,,,,,,,,,,,,,,
普安堂絕食靜坐,全國文化資產守護聯盟,OURs專業者都市改革組織,,,,,,,,,,,,,,,,,,,,,,,,,,,,,,,,,,,,,,,,,,,,,,,,,,,,,,,,,,,,,,,,,,,,,,,,,,,,,,,,,,,,,,,,,,,,,,,,,,,,,,,,,,,,,
日月光事件,地球公民基金會,後勁基金會,台灣電子電機資訊產業工會,高雄市產業總工會,大高雄總工會,台灣人權促進會,,,,,,,,,,,,,,,,,,,,,,,,,,,,,,,,,,,,,,,,,,,,,,,,,,,,,,,,,,,,,,,,,,,,,,,,,,,,,,,,,,,,,,,,,,,,,,,,,,,,,,,,,
13移工遊行,台灣移工聯盟,台灣國際勞工協會,,,,,,,,,,,,,,,,,,,,,,,,,,,,,,,,,,,,,,,,,,,,,,,,,,,,,,,,,,,,,,,,,,,,,,,,,,,,,,,,,,,,,,,,,,,,,,,,,,,,,,,,,,,,,
航空城事件,桃園航空城自救會,台灣農村陣線,台灣人權促進會,桃園縣教育產業工會,桃園在地聯盟,環境法律人協會,航空城反迫遷聯盟,反迫遷連線,,,,,,,,,,,,,,,,,,,,,,,,,,,,,,,,,,,,,,,,,,,,,,,,,,,,,,,,,,,,,,,,,,,,,,,,,,,,,,,,,,,,,,,,,,,,,,,,,,,,,,,
不要核四 五六運動,廢核行腳,綠色公民行動聯盟,台灣蠻野心足生態協會,地球公民基金會,公民1985行動聯盟,苑裡反瘋車自救會,全國關廠工人連線,台灣都市更新受害者聯盟,反媒體巨獸青年聯盟,反教育商品化聯盟,青年樂生聯盟,反反反行動聯盟,黑色島國青年陣線,捍衛苗栗青年聯盟,憲法133實踐聯盟,g0v零時政府,,,,,,,,,,,,,,,,,,,,,,,,,,,,,,,,,,,,,,,,,,,,,,,,,,,,,,,,,,,,,,,,,,,,,,,,,,,,,,,,,,,,,,,,,,,,,,,
14共生音樂節,台灣國家聯盟,台北市小英之友會,台灣二二八關懷總會,台灣北社,台灣教授協會,二二八共生音樂節工作小組,激進陣線,,,,,,,,,,,,,,,,,,,,,,,,,,,,,,,,,,,,,,,,,,,,,,,,,,,,,,,,,,,,,,,,,,,,,,,,,,,,,,,,,,,,,,,,,,,,,,,,,,,,,,,,
14反核遊行,全國廢核行動平台,人本教育基金會,人民火大行動聯盟,人禾環境倫理發展基金會,勵馨基金會,不要核四五六運動,OURs專業者都市改革組織,公民監督國會聯盟,宜蘭友善生活小舖,反核部隊,文化元年,北海岸反核行動聯盟,台灣人權促進會,台灣千里步道協會,台灣女人連線,台灣高等教育產業工會,台灣教授協會,親子共學促進會,台灣都市更新受害者聯盟,台灣農村陣線,台灣環境保護聯盟,台灣環境資訊協會,全國教師工會總聯合會,地球公民基金會,主婦聯盟生活消費合作社,宜蘭人文基金會,爸爸非核陣線,荒野保護協會,中華民國視覺藝術協會,台灣北社,台灣蠻野心足生態協會,社區大學全國促進會,新北市愛鄉協會,環境法律人協會,青少年發聲網,前衛出版社,捍衛農鄉聯盟,桃園縣教育產業工會,主婦聯盟環境保護基金會,青平台基金會,媽媽監督核電廠聯盟,新文化工作隊,綠色公民行動聯盟,台灣守護民主平台,激進陣線,908台灣國總部,,,,,,,,,,,,,,,,,,,,,,,,,,,,,,,,,,,,,,,,,,,,,,,,,,,,,,,,,,,,,,,,,
14圖博遊行,台北市在台西藏人福利協會,西藏青年會台灣分會,台灣圖博之友會,漢藏友好協會,台灣自由圖博學生聯盟,台灣人權促進會,民間司法改革基金會,台灣勞工陣線,,,,,,,,,,,,,,,,,,,,,,,,,,,,,,,,,,,,,,,,,,,,,,,,,,,,,,,,,,,,,,,,,,,,,,,,,,,,,,,,,,,,,,,,,,,,,,,,,,,,,,,
太陽花,908台灣國總部,人本教育基金會,大高雄總工會,工作貧窮研究室,中華民國老人福利推動聯盟,殘障聯盟,公民1985行動聯盟,公民監督國會聯盟,黨產歸零聯盟,公投護台灣聯盟,反媒體巨獸青年聯盟,反黑箱服貿民主陣線,文化元年,嘉義市桃山人文會館,台北水噹噹姊妹聯盟,台南市社區大學,台灣獨立建國聯盟,台灣21世紀婦女協會,台灣人權促進會,綠色公民行動聯盟,台灣女人連線,台灣公義社,廢除死刑推動聯盟,台灣少年權益與福利促進聯盟,台灣北社,台灣民族同盟,台灣守護民主平台,台灣社,台灣社會福利總盟,台灣南社,台灣客社,台灣教授協會,台灣勞工陣線,台灣勞動政策與社會研究協會,台灣農村陣線,台灣製造產業大聯盟,親子共學促進會,台灣環境資訊協會,民間司法改革基金會,民間監督健保聯盟,永社,地球公民基金會,澄社,行南文化協會,快樂公民學苑,人權公約施行監督聯盟,兩岸協議監督聯盟,社區大學全國促進會,建教生權益促進聯盟,看守台灣協會,捍衛苗栗青年聯盟,高雄市產業總工會,婦女新知基金會,勵馨基金會,憲法133實踐聯盟,黑色島國青年陣線,台北市文山社區大學,,,,,,,,,,,,,,,,,,,,,,,,,,,,,,,,,,,,,,,,,,,,,,,,,,,,,,
淡海二期反徵收夜宿,淡海二期反徵收自救聯盟,淡海青年陣線,台灣綠色酷兒協會,,,,,,,,,,,,,,,,,,,,,,,,,,,,,,,,,,,,,,,,,,,,,,,,,,,,,,,,,,,,,,,,,,,,,,,,,,,,,,,,,,,,,,,,,,,,,,,,,,,,,,,,,,,,
反核四佔領忠孝西,綠色公民行動聯盟,台灣人權促進會,北海岸反核行動聯盟,地球公民基金會,台灣環境保護聯盟,鹽寮反核自救會,台灣守護民主平台,親子共學促進會,李江却台語文教基金會,樂生保留自救會,人本教育基金會,菲律賓歸僑關懷連線,人民火大行動聯盟,環境法律人協會,台灣教授協會,全國廢核行動平台,工作傷害受害人協會,RCA員工關懷協會,桃園在地聯盟,公投護台灣聯盟,南臺灣廢核行動聯盟,,,,,,,,,,,,,,,,,,,,,,,,,,,,,,,,,,,,,,,,,,,,,,,,,,,,,,,,,,,,,,,,,,,,,,,,,,,,,,,,,,,,,,,,,,
14五一遊行,團結工聯,人民火大行動聯盟,大高雄總工會,中華民國鐵路工會全國聯合會,台灣勞工陣線,台灣鐵路工會,全國關廠工人連線,全國金融業工會聯合總會,全國教師工會總聯合會,全國產業總工會,非典勞動工作坊,新高市產業總工會,台南市產業總工會,苗栗縣產業總工會,新竹縣產業總工會,桃園縣產業總工會,台北市產業總工會,宜蘭縣產業總工會,全國自主勞工聯盟,台塑關係企業工會聯合會,中華電信工會,非典勞動工作坊,高雄市產業總工會,高雄市職業總工會,高雄市機械總工會,台灣電子電機資訊產業工會,台灣高等教育產業工會,台灣基層護理產業工會,台灣護理產業工會,台灣大學工會,市縣政府機關環保工會聯合會,國道收費員自救會,醫師勞動條件改革小組,台灣醫療勞動正義與病人安全促進聯盟,政治大學學生勞動權益促進會,台灣出版自由陣線,工作傷害受害人協會,青年勞動九五聯盟,當代漂泊,反教育商品化聯盟,台灣自由貿易調查局,民主黑潮學生聯盟,黑色島國青年陣線,自由邊緣,二樓,青島三,,,,,,,,,,,,,,,,,,,,,,,,,,,,,,,,,,,,,,,,,,,,,,,,,,,,,,,,,,,,,,,,,
動保大遊行,毛小孩是家人家人不買不賣,,,,,,,,,,,,,,,,,,,,,,,,,,,,,,,,,,,,,,,,,,,,,,,,,,,,,,,,,,,,,,,,,,,,,,,,,,,,,,,,,,,,,,,,,,,,,,,,,,,,,,,,,,,,,,
14六四晚會,台灣學生促進中國民主化促進會,華人民主書院,台灣關懷中國人權聯盟,台灣守護民主平台,,,,,,,,,,,,,,,,,,,,,,,,,,,,,,,,,,,,,,,,,,,,,,,,,,,,,,,,,,,,,,,,,,,,,,,,,,,,,,,,,,,,,,,,,,,,,,,,,,,,,,,,,,,
諾富特事件,反黑箱服貿民主陣線,島國前進,民主鬥陣,黑色島國青年陣線,,,,,,,,,,,,,,,,,,,,,,,,,,,,,,,,,,,,,,,,,,,,,,,,,,,,,,,,,,,,,,,,,,,,,,,,,,,,,,,,,,,,,,,,,,,,,,,,,,,,,,,,,,,
搶救消防員,消防員工作權益促進會,,,,,,,,,,,,,,,,,,,,,,,,,,,,,,,,,,,,,,,,,,,,,,,,,,,,,,,,,,,,,,,,,,,,,,,,,,,,,,,,,,,,,,,,,,,,,,,,,,,,,,,,,,,,,,
聲援傘運佔領駐港辦事處,島國前進,臺左維新,公民自主機動陣線,福爾摩鯊會社,兩岸協議監督聯盟,,,,,,,,,,,,,,,,,,,,,,,,,,,,,,,,,,,,,,,,,,,,,,,,,,,,,,,,,,,,,,,,,,,,,,,,,,,,,,,,,,,,,,,,,,,,,,,,,,,,,,,,,,
巢運,社會住宅推動聯盟,OURs專業者都市改革組織,崔媽媽基金會,殘障聯盟,智障者家長總會,中華民國老人福利推動聯盟,康復之友聯盟,台灣勞工陣線,台灣少年權益與福利促進聯盟,台灣社區居住與獨立生活聯盟,台灣社會福利總盟,伊甸社會福利基金會,勵馨基金會,公平稅制改革聯盟,居住正義協會,房市改革行動聯盟,島國前進,參玖參公民平台,無殼蝸牛聯盟,人本教育基金會,人民民主陣線,人權公約施行監督聯盟,三鶯部落自救會,小米穗基金會,中華民國景觀學會,中華電信工會,公民監督國會聯盟,反南鐵東移自救會,反迫遷連線,台灣都市更新受害者聯盟,當代漂泊,紹興社區自救會,華光社區反迫遷自救會,華光社區訪調小組,反黑箱服貿民主陣線,反貧困聯盟,日日春關懷互助協會,台北市北投社區大學,台北市女性權益促進會,台北市社工師工會,台北市糖部文化協會,台南市社區大學,台灣人權促進會,台灣女人連線,台灣北社,永社,同志諮詢熱線,台灣伴侶權益推動聯盟,台灣性別不明關懷協會,台灣原住民族政策協會,台灣農村陣線,台灣酷兒權益推動聯盟,台灣障礙者權益促進會,親子共學促進會,台灣環境資訊協會,職業安全健康連線,民主鬥陣,民間司法改革基金會,台北市永和社區大學,全國工會服務業產業工會,全國教師工會總聯合會,台灣守護民主平台,兒少法29條研究會,社區大學全國促進會,青平台基金會,青年樂生聯盟,建築改革社,捍衛苗栗青年聯盟,桃園在地聯盟,婦女新知基金會,新北市新店崇光社區大學,新北市新莊社區大學,溪州部落後援會,綠色公民行動聯盟,樂生保留自救會,蔡瑞月舞蹈研究社,機場捷運A7站自救會,,,,,,,,,,,,,,,,,,,,,,,,,,,,,,,,,,
彩虹圍城,婚姻平權革命陣線,台灣伴侶權益推動聯盟,校園同志甦醒日,熊學會,青平台基金會,高雄遊行聯盟,同志人權法案遊說聯盟,同光同志長老教會,女同志拉拉手協會,台灣酷兒權益推動聯盟,殘障希望工程協會,民間司法改革基金會,國際同志權益促進會,民主鬥陣,社會住宅推動聯盟,島國前進,同學陣,同志諮詢熱線,應許者基督徒行動聯盟,同志父母愛心協會,台灣人權促進會,廢除死刑推動聯盟,台灣蠻野心足生態協會,人權公約施行監督聯盟,bitheway拜訪,婦女新知基金會,親子共學促進會,大台北同學會,台灣綠色酷兒協會,永社,台灣性別不明關懷協會,,,,,,,,,,,,,,,,,,,,,,,,,,,,,,,,,,,,,,,,,,,,,,,,,,,,,,,,,,,,,,,,,,,,,,,,,,,,,,,,
14同志遊行,台灣同志遊行聯盟,台灣紅絲帶基金會,同志人權法案遊說聯盟,露德協會,台灣伴侶權益推動聯盟,校園同志甦醒日,同光同志長老教會,澳門性別教育協會,關愛基金會,台灣基地協會,南洋台灣姊妹會,台灣性別平等教育協會,同志父母愛心協會,華人拉拉聯盟,台灣女性學會,殘酷兒,熊學會,台灣酷兒權益推動聯盟,台灣性別不明關懷協會,婦女新知基金會,高雄同志遊行聯盟,中華民國聾人協會,台灣綠色酷兒協會,樹黨,bitheway拜訪,小YG行動聯盟,貧窮同志參政團,摩爾門同盟會,工人國際委員會,青少年性別文教會,工作傷害受害人協會,台灣同志家庭權益促進會,台灣醫學生聯合會,紅樓部屋,第玖節讀書會,同志諮詢熱線,,,,,,,,,,,,,,,,,,,,,,,,,,,,,,,,,,,,,,,,,,,,,,,,,,,,,,,,,,,,,,,,,,,,,,,,,,,
國道收費員抗爭,國道收費員自救會,,,,,,,,,,,,,,,,,,,,,,,,,,,,,,,,,,,,,,,,,,,,,,,,,,,,,,,,,,,,,,,,,,,,,,,,,,,,,,,,,,,,,,,,,,,,,,,,,,,,,,,,,,,,,,
14障礙遊行,千障權益行動聯盟,,,,,,,,,,,,,,,,,,,,,,,,,,,,,,,,,,,,,,,,,,,,,,,,,,,,,,,,,,,,,,,,,,,,,,,,,,,,,,,,,,,,,,,,,,,,,,,,,,,,,,,,,,,,,,
14秋鬥,人民火大行動聯盟,人民民主陣線,三鶯部落自救會,工人國際委員會,工作傷害受害人協會,中央大學性／別研究室,反南鐵東移自救會,天主教希望職工中心,天主教會新竹教區越南外勞配偶辦公室,財團法人台灣省天主教會新竹教區移民及外勞服務中心,天主教海星國際服務中心,日日春關懷互助協會,世新大學社會發展所,台灣大學工會,台北市產業總工會,同志諮詢熱線,台灣性別人權協會,台灣高等教育產業工會,台灣國際家庭互助協會,台灣國際勞工協會,基督長老教會勞工關懷中心,台灣基層護理產業工會,台灣移工聯盟,台灣都市更新受害者聯盟,當代漂泊,跨性別權益行動會,台灣農村陣線,台灣電子電機資訊產業工會,全國自主勞工聯盟,全國教育產業總工會,全國教師工會總聯合會,全國關廠工人連線,青年勞動九五聯盟,非典型勞動工作坊,南洋台灣姊妹會,桃園在地聯盟,桃園縣教育產業工會,消防員工作權益促進會,高雄市教育產業工會,國道收費員自救會,媒體改造學社,華隆自救會,菲律賓歸僑關懷連線,黑手那卡西,黑色島國青年陣線,新竹縣產業總工會,新海瓦斯工會,綠色公民行動聯盟,激進陣線,醫師勞動條件改革小組,警察工會推動會,反教育商品化聯盟,,,,,,,,,,,,,,,,,,,,,,,,,,,,,,,,,,,,,,,,,,,,,,,,,,,,,,,,,,,
Hydis工人抗爭,台灣人權促進會,台北市產業總工會,台灣高等教育產業工會,台灣國際勞工協會,,,,,,,,,,,,,,,,,,,,,,,,,,,,,,,,,,,,,,,,,,,,,,,,,,,,,,,,,,,,,,,,,,,,,,,,,,,,,,,,,,,,,,,,,,,,,,,,,,,,,,,,,,,
15共生音樂節,共生音樂節籌備團隊,台灣二二八關懷總會,台灣教授協會,台灣北社,台灣國家聯盟,自由思想學術基金會,台灣獨立建國聯盟,台北市小英之友會,台北建成扶輪社,激進陣線,,,,,,,,,,,,,,,,,,,,,,,,,,,,,,,,,,,,,,,,,,,,,,,,,,,,,,,,,,,,,,,,,,,,,,,,,,,,,,,,,,,,,,,,,,,,,,,,,,,,,
15圖博遊行,台灣人權促進會,台灣自由圖博學生聯盟,台灣勞工陣線,綠黨,民間司法改革基金會,廢除死刑推動聯盟,哲學星期五台中,人權公約施行監督聯盟,台灣圖博之友會,華人民主書院,華人民主文化協會,奪回桃園青年陣線,張佛泉人權研究中心,東吳大學人權學程,人本教育基金會,台灣獨立音樂協會,福爾摩鯊會社,漢藏友好協會,在台藏人福利協會,藏青會台灣分會,島國前進,高雄市人民團體聘雇人員職業工會,國際特赦組織台灣分會,,,,,,,,,,,,,,,,,,,,,,,,,,,,,,,,,,,,,,,,,,,,,,,,,,,,,,,,,,,,,,,,,,,,,,,,,,,,,,,,,,,,,,,,
華隆自救會抗爭,華隆自救會,全國關廠工人連線,台灣國際勞工協會,桃園縣產業總工會,非典型勞動工作坊,嘉軒電子員工自救會,老年勞工關懷互助協會,,,,,,,,,,,,,,,,,,,,,,,,,,,,,,,,,,,,,,,,,,,,,,,,,,,,,,,,,,,,,,,,,,,,,,,,,,,,,,,,,,,,,,,,,,,,,,,,,,,,,,,,
15反核遊行,全國廢核行動平台,台灣蠻野心足生態協會,台灣教授協會,台灣千里步道協會,親子共學促進會,台灣人權促進會,月見學習農園,台灣環境保護聯盟,主婦聯盟生活消費合作社,主婦聯盟環境保護基金會,地球公民基金會,綠色公民行動聯盟,媽媽監督核電廠聯盟,青少年發聲網,台灣環境資訊協會,環境法律人協會,宜蘭人文基金會,不要核四五六運動,公民監督國會聯盟,人禾環境倫理發展基金會,經濟民主連合,激進陣線,宜蘭友善生活小舖,勵馨基金會,台灣北社,中華民國視覺藝術協會,松菸護樹志工團,全國教師工會總聯合會,社區大學全國促進會,青平台基金會,綠黨,樹黨,民主進步黨,台灣團結聯盟,婦女新知基金會,台灣勞工陣線,同志諮詢熱線,台北市永和社區大學,民間司法改革基金會,荒野新竹鄉土關懷組,台灣性別平等教育協會,台東廢核反核廢聯盟,爸爸非核陣線,台灣農村陣線,台灣都市更新受害者聯盟,台灣環境輻射走調團,人民火大行動聯盟,台灣高等教育產業工會,桃園在地聯盟,台灣女人連線,福爾摩鯊會社,綠色和平,荒野保護協會,獨臺新社,工作傷害受害人協會,OURs專業者都市改革組織,基進側翼,黑手那卡西,好勁稻工作室,冤獄平反協會,紹興學程,廢除死刑推動聯盟,愛囡仔小組,反教育商品化聯盟,台灣國際家庭互助協會,三蘆人反核陣線,捍衛台灣文史青年組合,時代力量,奪回桃園青年陣線,台灣基層護理產業工會,人民民主陣線,台灣伴侶權益推動聯盟,電音反核陣線,台灣公義會,台灣國辦公室,北海岸反核行動聯盟,媽祖魚保護聯盟,人本教育基金會,,,,,,,,,,,,,,,,,,,,,,,,,,,,,,,,,
反亞投行抗爭,經濟民主連合,黑色島國青年陣線,臺左維新,民主鬥陣,,,,,,,,,,,,,,,,,,,,,,,,,,,,,,,,,,,,,,,,,,,,,,,,,,,,,,,,,,,,,,,,,,,,,,,,,,,,,,,,,,,,,,,,,,,,,,,,,,,,,,,,,,,
拆蛋大遊行,松菸護樹志工團,松菸公園催生聯盟,台灣公共事務協會,蜜蜂公民,高雄中央公園護樹護地聯盟,新莊後生聯盟,民主鬥陣,航空城反迫遷聯盟,公民自主機動陣線,公投護台灣聯盟,人民民主陣線,捍衛台灣文史青年組合,台灣蠻野心足生態協會,生活品質協進會,台灣團結聯盟,反洗腦課綱學生陣線,青年監督政府聯盟,青年覺醒陣線,綠色公民行動聯盟,基隆青年陣線,綠黨,台灣都市更新受害者聯盟,社會民主黨,地球公民基金會,中壢小蜜蜂,奪回桃園青年陣線,能盛興工廠,公民實況轉播組,爸爸非核陣線,打狗文史再興會社,彰化縣鐵路村文化再生協會,喚醒彰化青年聯盟,相和作社,Voice深夜講堂,臺北機廠文史守護聯盟,好勁稻工作室,人民火大行動聯盟,華光護樹志工隊,第玖節讀書會,機場捷運A7站自救會,綠色21台灣聯盟,桃園藝文陣線,青年氣候聯盟,惜根台灣協會,華光社區訪調小組,民主黑潮,獨臺新社,居住正義協會,苑裡掀海風,台灣獨立革命軍,日日春關懷互助協會,福爾摩鯊會社,反中華愛國同心會公民陣線,不要核四五六運動,島國前進,OURs專業者都市改革組織,翻轉社工學生聯盟,天母綠玉聯盟,廢除R1行動聯盟,雙和小蜜蜂,臺北市支持流浪貓絕育計劃協會,,,,,,,,,,,,,,,,,,,,,,,,,,,,,,,,,,,,,,,,,,,,,,,,,,
15五一遊行,人民火大行動聯盟,大高雄總工會,台灣大學工會,台灣高等教育產業工會,台灣勞工陣線,台灣電子電機資訊產業工會,台灣鐵路工會,全國金融業工會聯合總會,全國產業總工會,全國教師工會總聯合會,全國關廠工人連線,非典勞動工作坊,青年勞動九五聯盟,高雄市產業總工會,桃園市總工會,勞動人權協會,新海瓦斯工會,團結工聯,宜蘭縣產業總工會,台北市產業總工會,桃園市產業總工會,新竹縣產業總工會,苗栗縣產業總工會,台南市產業總工會,新高市產業總工會,全國自主勞工聯盟,中華電信工會,台塑關係企業工會全國聯合會,鐵路工會全國聯合會,台灣酷兒權益推動聯盟,台北市新生活自立生活協會,,,,,,,,,,,,,,,,,,,,,,,,,,,,,,,,,,,,,,,,,,,,,,,,,,,,,,,,,,,,,,,,,,,,,,,,,,,,,,,,
宜蘭農地農用運動,守護宜蘭工作坊,台灣農村陣線,地球公民基金會,台灣千里步道協會,主婦聯盟環境保護基金會,,,,,,,,,,,,,,,,,,,,,,,,,,,,,,,,,,,,,,,,,,,,,,,,,,,,,,,,,,,,,,,,,,,,,,,,,,,,,,,,,,,,,,,,,,,,,,,,,,,,,,,,,,
15六四晚會,台灣關懷中國人權聯盟,台灣學生促進中國民主化促進會,華人民主書院,,,,,,,,,,,,,,,,,,,,,,,,,,,,,,,,,,,,,,,,,,,,,,,,,,,,,,,,,,,,,,,,,,,,,,,,,,,,,,,,,,,,,,,,,,,,,,,,,,,,,,,,,,,,
高彰雲反空污行動,小港沿海六里要健康自救會,要健康婆婆媽媽團,金煙囪文化協進會,高雄健康空氣行動聯盟,反國道7號大寮自救會,台灣水資源保育聯盟,地球公民基金會,高雄市婦女新知協會,高雄好空氣自救會,台南市環境保護聯盟,台灣健康空氣行動聯盟,台灣電磁輻射公害防治協會,彰化縣環境保護聯盟,彰化縣醫療界聯盟,彰化縣健康空氣行動聯盟,台灣健康空氣行動聯盟,要健康婆婆媽媽團,喚醒彰化青年聯盟,彰化縣基督教青年會,賴和文教基金會,西海岸保育聯盟,媽祖魚保護聯盟,鹿港囡仔公司,大城鄉反污染自救會,半線新生會,保鹿運動協會,社區大學全國促進會,雲林縣淺海養殖協會,西海岸反空污聯盟,西海岸保護協會,台灣水資源保育聯盟,雲林縣耘林藝術人文生態關懷協會,台灣健康空氣行動聯盟,要健康婆婆媽媽團,雲林縣環保聯盟,彰化縣環保聯盟,彰化縣醫療界聯盟,地球公民基金會,台灣生態學會,彰化健康空氣行動聯盟,嘉義健康空氣行動聯盟,台南健康空氣行動聯盟,口湖鄉拒設火葬場自救會,,,,,,,,,,,,,,,,,,,,,,,,,,,,,,,,,,,,,,,,,,,,,,,,,,,,,,,,,,,,,,,,,,,,
婚姻平權遊行,台灣伴侶權益推動聯盟,,,,,,,,,,,,,,,,,,,,,,,,,,,,,,,,,,,,,,,,,,,,,,,,,,,,,,,,,,,,,,,,,,,,,,,,,,,,,,,,,,,,,,,,,,,,,,,,,,,,,,,,,,,,,,
反課綱佔領教育部,北區反課綱高校聯盟,桃園高校聯盟,中區反黑箱課綱學生聯盟,南區反課綱微調學生聯盟,東區反課綱違調行動聯盟,公民教師行動聯盟,歷史教師深根聯盟,台中市教師職業工會,台灣原住民基層教師協會,台灣教師聯盟,全國高級中等學校教育產業工會,全國教師工會總聯合會,桃園縣教育產業工會,小米穗基金會,大地文教基金會,殘障聯盟,公民監督國會聯盟,公民與法治教育基金會,台灣二二八關懷總會,台灣人權促進會,台灣小留學生家長協進會,台灣北社,台灣南社,台灣守護民主平台,台灣教授協會,台灣勞工陣線,台灣樹人會,親子共學促進會,社區大學全國促進會,永社,高雄市公民監督公僕聯盟,島國前進,捍衛台灣文史青年組合,陳文成基金會,華人民主書院,黑色島國青年陣線,臺左維新,澄社,賴和文教基金會,台灣蠻野心足生態協會,綠黨,台灣團結聯盟,社會民主黨,時代力量,民主進步黨,,,,,,,,,,,,,,,,,,,,,,,,,,,,,,,,,,,,,,,,,,,,,,,,,,,,,,,,,,,,,,,,,,
機場捷運A7反迫遷,機場捷運A7站自救會,反南鐵東移自救會,台灣人權促進會,綠黨,,,,,,,,,,,,,,,,,,,,,,,,,,,,,,,,,,,,,,,,,,,,,,,,,,,,,,,,,,,,,,,,,,,,,,,,,,,,,,,,,,,,,,,,,,,,,,,,,,,,,,,,,,,
15障礙遊行,千障權益行動聯盟,台北市行無礙資源推廣協會,台北市新活力自立生活協會,台灣酷兒權益推動聯盟,島國前進,台南市夢城自立生活協會,台灣八福無障礙生活發展協會,中華民國聾人協會,台灣障礙者權益促進會,台灣綠色酷兒協會,人民民主陣線異於常人算障團,台灣伴侶權益推動聯盟,人權公約施行監督聯盟,,,,,,,,,,,,,,,,,,,,,,,,,,,,,,,,,,,,,,,,,,,,,,,,,,,,,,,,,,,,,,,,,,,,,,,,,,,,,,,,,,,,,,,,,,,,,,,,,,
15同志遊行,台灣同志遊行聯盟,台灣基地協會,同志諮詢熱線,性別弱勢性保護與兒少保護連線,台灣醫學生聯合會,同志父母愛心協會,真光福音教會,台灣性別平等教育協會,殘酷兒,手天使,工人國際委員會,台中同志遊行聯盟,台灣同志家庭權益促進會,親子共學促進會,國際特赦組織台灣分會,國際特赦組織台灣分會,樹黨,同志人權法案遊說聯盟,同光同志長老教會,貧窮同志參政團,工作傷害受害人協會,異於常人算障團,台灣國際家庭互助協會,民主進步黨,自由台灣黨,台灣酷兒權益推動聯盟,bitheway拜訪,中華民國聾人協會,澳門彩虹,澳門性別教育協會,澳門性別教育協會,熊學會,彰化縣諮商心理師公會,台灣女性學會,水男孩,,,,,,,,,,,,,,,,,,,,,,,,,,,,,,,,,,,,,,,,,,,,,,,,,,,,,,,,,,,,,,,,,,,,,,,,,,,,
反貨貿遊行,經濟民主連合,台灣守護民主平台,台灣人權促進會,台灣教授協會,台灣勞工陣線,台灣農村陣線,主婦聯盟環境保護基金會,地球公民基金會,台灣少年權益與福利促進聯盟,台灣原住民族部落行動聯盟,黑色島國青年陣線,民主鬥陣,島國前進,臺左維新,永社,婦女新知基金會,人本教育基金會,人權公約施行監督聯盟,文化元年,華人民主書院,,,,,,,,,,,,,,,,,,,,,,,,,,,,,,,,,,,,,,,,,,,,,,,,,,,,,,,,,,,,,,,,,,,,,,,,,,,,,,,,,,,,,,,,,,,
15秋鬥,人民火大行動聯盟,人民民主陣線,三鶯部落自救會,工人國際委員會,工作傷害受害人協會,中央大學性／別研究室,反南鐵東移自救會,天主教希望職工中心,天主教會新竹教區越南外勞配偶辦公室,天主教會新竹教區外籍牧靈中心,日日春關懷互助協會,世新大學社會發展所,機場捷運A7站自救會,台北市產業總工會,台灣TG蝶園,同志諮詢熱線,台灣性別人權協會,台灣高等教育產業工會,台灣國際家庭互助協會,台灣國際勞工協會,基督長老教會勞工關懷中心,台灣基層護理產業工會,台灣移工聯盟,台灣都市更新受害者聯盟,警察工會推動會,台灣農村陣線,台灣電子電機資訊產業工會,全國自主勞工聯盟,全國教育產業總工會,全國教師工會總聯合會,全國關廠工人連線,青年勞動九五聯盟,非典型勞動工作坊,南洋台灣姊妹會,桃園在地聯盟,桃園市教育產業工會,桃園市產業總工會,消防員工作權益促進會,高雄市教育產業工會,國道收費員自救會,媒體改造學社,OURs專業者都市改革組織,醫師勞動條件改革小組,黑手那卡西,黑色島國青年陣線,新竹縣產業總工會,新海瓦斯工會,團結工聯,綠色公民行動聯盟,,,,,,,,,,,,,,,,,,,,,,,,,,,,,,,,,,,,,,,,,,,,,,,,,,,,,,,,,,,,,,
中科停工遊行,台灣生態學會,主婦聯盟環境保護基金會,親子共學促進會,台灣護樹團體聯盟,台中市原鄉文化協會,台灣健康空氣行動聯盟,獅潭森林大學,台灣護樹協會,南投生活願景工作室,彰化縣環境保護聯盟,西海岸保育聯盟,高雄市護樹護地協會,虎尾厝沙龍,台灣環境資訊協會,爭好氣聯盟,雲林淺海養殖協會,屏東縣環境保護聯盟,台灣水資源保育聯盟,台南市環境保護聯盟,彰化縣醫療界聯盟,埔里pm2.5空污減量自救會,臺中市海線社區大學,雲林爸媽要乾淨呼吸聯盟,雲林縣環境保護聯盟,要健康婆婆媽媽團,大台中南屯文山環境保護自救會,反文山工業區自救會,荒野保護協會,,,,,,,,,,,,,,,,,,,,,,,,,,,,,,,,,,,,,,,,,,,,,,,,,,,,,,,,,,,,,,,,,,,,,,,,,,,,,,,,,,,
15移工遊行,台灣國際勞工協會,2016工鬥,台灣移工聯盟,,,,,,,,,,,,,,,,,,,,,,,,,,,,,,,,,,,,,,,,,,,,,,,,,,,,,,,,,,,,,,,,,,,,,,,,,,,,,,,,,,,,,,,,,,,,,,,,,,,,,,,,,,,,
反砍七天假,2016工鬥,全國關廠工人連線,國道收費員自救會,台灣國際勞工協會,消防員工作權益促進會,醫師勞動條件改革小組,台灣基層護理產業工會,團結工聯,宜蘭縣產業總工會,台北市產業總工會,桃園市產業總工會,新竹縣產業總工會,苗栗縣產業總工會,台南市產業總工會,新高市產業總工會,全國自主勞工聯盟,中華電信工會,台塑關係企業工會全國聯合會,大高雄總工會,非典勞動工作坊,台北市環保局工會,環保局工會市縣聯合會,台灣高等教育產業工會,中央健保署工會,工作傷害受害人協會,全國關懷基層老人社福連線協會,老年勞工關懷互助協會,,,,,,,,,,,,,,,,,,,,,,,,,,,,,,,,,,,,,,,,,,,,,,,,,,,,,,,,,,,,,,,,,,,,,,,,,,,,,,,,,,,,
15台北反空污遊行,台灣健康空氣行動聯盟,地球公民基金會,台灣水資源保育聯盟,台南市環境保護聯盟,洪雅書房,台灣永續聯盟,雲林縣耘林藝術人文生態關懷協會,主婦聯盟環境保護基金會,爭好氣聯盟,台灣護樹協會,彰化縣醫療界聯盟,彰化縣環境保護聯盟,,,,,,,,,,,,,,,,,,,,,,,,,,,,,,,,,,,,,,,,,,,,,,,,,,,,,,,,,,,,,,,,,,,,,,,,,,,,,,,,,,,,,,,,,,,,,,,,,,,
工鬥遊行,2016工鬥,全國關廠工人連線,國道收費員自救會,台灣國際勞工協會,團結工聯,消防員工作權益促進會,醫師勞動條件改革小組,台灣基層護理產業工會,宜蘭縣產業總工會,台北市產業總工會,桃園市產業總工會,新竹縣產業總工會,苗栗縣產業總工會,台南市產業總工會,新北市產業總工會,全國自主勞工聯盟,中華電信工會,台塑關係企業工會全國聯合會,大高雄總工會,非典勞動工作坊,台北市環保局工會,環保局工會市縣聯合會,台灣高等教育產業工會,中央健保署工會,工作傷害受害人協會,全國關懷基層老人社福連線協會,老年勞工關懷互助協會,,,,,,,,,,,,,,,,,,,,,,,,,,,,,,,,,,,,,,,,,,,,,,,,,,,,,,,,,,,,,,,,,,,,,,,,,,,,,,,,,,,,
16共生音樂節,共生音樂節籌備團隊,台灣二二八關懷總會,台灣北社,台灣教授協會,社會民主黨,台灣國家聯盟,台灣獨立建國聯盟,悠遊卡股份有限公司,台北建成扶輪社,台北二二八紀念館,台北市政府文化局,二二八國家紀念館,二二八事件紀念基金會,,,,,,,,,,,,,,,,,,,,,,,,,,,,,,,,,,,,,,,,,,,,,,,,,,,,,,,,,,,,,,,,,,,,,,,,,,,,,,,,,,,,,,,,,,,,,,,,,,
16圖博遊行,台灣人權促進會,在台藏人福利協會,藏青會台灣分會,西藏台灣人權連線,華人民主書院,台灣自由圖博學生聯盟,台灣圖博之友會,台灣勞工陣線,廢除死刑推動聯盟,人權公約施行監督聯盟,哲學星期五台中,民間司法改革基金會,台灣關懷中國人權聯盟,好處工作室,台灣學生促進中國民主化促進會,台灣北社,高雄市人權學堂,民主鬥陣,,,,,,,,,,,,,,,,,,,,,,,,,,,,,,,,,,,,,,,,,,,,,,,,,,,,,,,,,,,,,,,,,,,,,,,,,,,,,,,,,,,,,,,,,,,,,
16反核遊行,全國廢核行動平台,綠色公民行動聯盟,地球公民基金會,台灣蠻野心足生態協會,媽媽監督核電廠聯盟,台灣北社,台灣教授協會,宜蘭人文基金會,主婦聯盟生活消費合作社,台灣環境保護聯盟,工作傷害受害人協會,爸爸非核陣線,北海岸反核行動聯盟,台灣環境資訊協會,鹽寮反核自救會,綠黨,,,,,,,,,,,,,,,,,,,,,,,,,,,,,,,,,,,,,,,,,,,,,,,,,,,,,,,,,,,,,,,,,,,,,,,,,,,,,,,,,,,,,,,,,,,,,,,
16五一遊行,團結工聯,全國產業總工會,全國金融業工會聯合總會,全國教師工會總聯合會,台灣鐵路工會,大高雄總工會,高雄市產業總工會,雲林縣產業總工會,桃園市總工會,台灣電子電機資訊產業工會,台灣高等教育產業工會,台灣大學工會,青年勞動九五聯盟,反教育商品化聯盟,全國關廠工人連線,台灣勞工陣線,新海瓦斯工會,非典勞動工作坊,勞動人權協會,,,,,,,,,,,,,,,,,,,,,,,,,,,,,,,,,,,,,,,,,,,,,,,,,,,,,,,,,,,,,,,,,,,,,,,,,,,,,,,,,,,,,,,,,,,,
16六四晚會,台灣學生促進中國民主化促進會,華人民主書院,台灣關懷中國人權聯盟,劉曉波之友會,獨立青年陣線,台灣人權促進會,,,,,,,,,,,,,,,,,,,,,,,,,,,,,,,,,,,,,,,,,,,,,,,,,,,,,,,,,,,,,,,,,,,,,,,,,,,,,,,,,,,,,,,,,,,,,,,,,,,,,,,,,
16高雄顧健康反污染遊行,要健康婆婆媽媽團,金煙囪文化協進會,反國道七號自救會,反馬頭山事業廢棄物掩埋場自救會,高雄健康空氣行動聯盟,桃園在地聯盟,彰化縣醫療界聯盟,地球公民基金會,淡水史田野工作室,主婦聯盟環境保護基金會,島國前進,高雄市台語詩經教育協會,彰化縣環境保護聯盟,高雄市鳳鼻頭文化工作協進會,高雄市古聖樂推廣協會,高雄市環境保護協會,高雄市鳳鼻頭歌友會,朝鳳寺管理委員會,高雄市鳳鼻頭郡健行協會,高雄市鳳興環保促進會,高雄市鳳興發社區展協會,高雄市沿海敬老協會,高雄市漁民港務促進會,高雄市鳳林環保關懷協會,高雄市小港活力社區發展協會,屏東縣左岸高屏溪協會,屏東縣環境保護聯盟,海洋臺灣文教基金會,台灣二二八關懷總會,台北市二二八公義關懷協會,高雄市綠色協會,南方水盟,台灣生態學會,台灣護樹協會,看守台灣協會,台南市社區大學研究發展學會,台灣環境保護聯盟,台南市東山區嶺南社區發展協會,龜重溪保護協會,雲林縣耘林藝術人文生態關懷協會,彰化縣幸福媽媽協會,大肚山學會,噪音管制關懷者聯盟,七股鄉鹽埕村氣象雷達電磁波受害者自救會,台灣圖書室文化協會,反西港外環道不當開闢自救會,雲林縣淺海養殖協會,嘉義市洪雅文化協會,洪雅書房,綠黨,台灣健康空氣行動聯盟,荒野保護協會,高雄市美濃愛鄉協進會,,,,,,,,,,,,,,,,,,,,,,,,,,,,,,,,,,,,,,,,,,,,,,,,,,,,,,,,,,
空服員罷工,桃園市空服員職業工會,,,,,,,,,,,,,,,,,,,,,,,,,,,,,,,,,,,,,,,,,,,,,,,,,,,,,,,,,,,,,,,,,,,,,,,,,,,,,,,,,,,,,,,,,,,,,,,,,,,,,,,,,,,,,,
兼任助理勞權,台灣高等教育產業工會,台灣大學工會,政大學生勞動權益促進會,,,,,,,,,,,,,,,,,,,,,,,,,,,,,,,,,,,,,,,,,,,,,,,,,,,,,,,,,,,,,,,,,,,,,,,,,,,,,,,,,,,,,,,,,,,,,,,,,,,,,,,,,,,,
台東反棕櫚度假村,地球公民基金會,,,,,,,,,,,,,,,,,,,,,,,,,,,,,,,,,,,,,,,,,,,,,,,,,,,,,,,,,,,,,,,,,,,,,,,,,,,,,,,,,,,,,,,,,,,,,,,,,,,,,,,,,,,,,,
原住民狩獵權,還我原住民族狩獵權自救會,,,,,,,,,,,,,,,,,,,,,,,,,,,,,,,,,,,,,,,,,,,,,,,,,,,,,,,,,,,,,,,,,,,,,,,,,,,,,,,,,,,,,,,,,,,,,,,,,,,,,,,,,,,,,,
反年改軍公教勞警消九三大遊行,監督年金改革行動聯盟,臺灣鐵路工會,臺灣公路工會,中華郵政工會,臺灣港務工會,台北捷運工會,臺灣銀行企業工會,臺灣土地銀行企業工會,中華民國陸軍軍官學校校友總會,中華民國退伍軍人協會,中華民國空軍校友會,中華民國國防管理學院校友會,中華民國復興崗校友會,中華民國忠義同志會,臺灣退伍軍人權益保障協會,全國駐衛警聯誼會,台灣退休警察人員權益促進會,中華民國陸軍官校正52期,中華民國海軍官校校友會,中華民國空軍官校校友會,全國公務人員協會,勞動部公務人員協會,花蓮縣公務人員協會,雲林縣公務人員協會,彰化縣公務人員協會,桃園市公務人員協會,臺北市公務人員協會,高雄市公務人員協會,法務部公務人員協會,勞保局公務人員協會,交通部公務人員協會,行政院人事行政總處公務人員協會,新北市公務人員協會,新竹縣公務人員協會,宜蘭縣公務人員協會,教育部公務人員協會,財政部公務人員協會,新竹市公務人員協會,海巡署公務人員協會,僑務委員會公務人員協會,南投縣公務人員協會,衛福部公務人員協會,基隆市公務人員協會,全國教育產業總工會,全國退休教師聯盟,全國教育退休人員協會,全國高級中等學校教育產業工會,高雄市教育產業工會,高雄縣教師會,臺中市教育產業工會,桃園市教育產業工會,苗栗縣教師會,屏東縣教師職業工會,新竹縣教師會,花蓮縣教師職業工會,台北市精進教育人員產業工會,公職退休人員聯誼暨關懷服務協會,公教軍警聯合總會,苗栗縣退休公教人員協會,中華民國各級公教退休人員協會,台北市退休警察人員協會,新北市退休警察人員協會,,,,,,,,,,,,,,,,,,,,,,,,,,,,,,,,,,,,,,,,,,,,,,,,,
反迫遷凱道集會,惜根台灣協會,鏟土豪行動,三峽龍埔里自救會,三峽龍埔里劉家自救會,土城普安堂,大智慧學苑反拆自救會,中壢爭取龍岡路合理拓寬自救會,反台南大寮眷改自救會,反台南果協，商協，宣武，嘉新黑箱眷改自救會,反台南鐵路東移自救會,反西港外環道不當開闢自救會,反南鐵東移全線自救聯合會,日日春關懷互助協會,台中公民會館,台北市臥龍街142地號自救會,台南精忠九村自救會,台南精忠三村自救會,台灣人權促進會,反迫遷連線,台灣生態學會,台灣都市更新受害者聯盟,當代漂泊,台灣護樹團體聯盟,左營自助新村自救會,左營崇實新村自救會,左營新崇實社區發展協會,搶救浮圳自救會,石岡反徵收聯合自救會,好蟾蜍工作室,安和自辦重劃自救會,自辦重劃受害者聯盟,岡山旺角自救會,東勢交流道反徵收自救會,東豐快速道路東勢段自救會,松菸公園催生聯盟,松菸護樹志工團,板橋大觀事件自救會,長春自辦重劃自救會,南投原墾農民促進會,南鐵青年,屏東共和新村眷改自救會,屏東崇仁新村眷户自舍拍賣自救會,苗栗大埔自救會,桃科二期自救會,桃園航空城反迫遷聯盟,桃園龜山反大湖重劃自救會,高雄大林浦金煙囪文化協進會,要健康婆婆媽媽團,高雄市前鎮第一公有市場自救會,高雄果菜市場土地不義徵收住戶自救會,淡海二期反徵收自救聯盟,紹興社區自救會,紹興學程,華光社區訪調小組,塭仔圳反迫遷連線,新店瑠公圳陳罔市家族迫遷案,經濟民主連合,大溝頂老街自救會,鳳山莒光三村自救會,樂生保留自救會,青年樂生聯盟,黎明自辦重劃自救會,機場捷運A7站自救會,豐勢交流道反徵收自救會,灣寶自救會,,,,,,,,,,,,,,,,,,,,,,,,,,,,,,,,,,,,,,,,,,,,,,
台鐵工會夜宿,台灣鐵路產業工會,,,,,,,,,,,,,,,,,,,,,,,,,,,,,,,,,,,,,,,,,,,,,,,,,,,,,,,,,,,,,,,,,,,,,,,,,,,,,,,,,,,,,,,,,,,,,,,,,,,,,,,,,,,,,,
反台化遊行,台灣健康空氣行動聯盟,彰化縣醫療界聯盟,要健康婆婆媽媽團,喚醒彰化青年聯盟,台灣護樹團體聯盟,,,,,,,,,,,,,,,,,,,,,,,,,,,,,,,,,,,,,,,,,,,,,,,,,,,,,,,,,,,,,,,,,,,,,,,,,,,,,,,,,,,,,,,,,,,,,,,,,,,,,,,,,,
16同志遊行,台灣同志遊行聯盟,國際社會主義前進,島國前進,彩虹俱樂部,台灣同志家庭權益促進會,親子共學促進會,民主進步黨,日日春關懷互助協會,樹黨,同志人權法案遊說聯盟,時代力量,國際陰陽人組織,國際特赦組織台灣分會,綠黨,殘障希望工程協會,手天使,殘酷兒,台灣酷兒權益推動聯盟,台灣障礙者權益促進會,台北市行無礙資源推廣協會,中華民國聾人協會,台北市新生活自立生活協會,聽障人協會,人權公約施行監督聯盟,香港研究小組有愛無陷,華人拉拉聯盟,同光同志長老教會,台灣基地協會,台中同志遊行聯盟,台灣醫學生聯合會,同志父母愛心協會,台灣伴侶權益推動聯盟,华人彩虹联盟,熊學會,台灣性別平等教育協會,自由台灣黨,bitheway拜訪,婦女新知基金會,台灣女性學學會,社會民主黨,青平台基金會,同志諮詢熱線,,,,,,,,,,,,,,,,,,,,,,,,,,,,,,,,,,,,,,,,,,,,,,,,,,,,,,,,,,,,,,,,,,,,,
高雄果菜市場強拆抗爭,高雄果菜市場土地不義徵收住戶自救會,台灣人權促進會,鏟土豪行動,,,,,,,,,,,,,,,,,,,,,,,,,,,,,,,,,,,,,,,,,,,,,,,,,,,,,,,,,,,,,,,,,,,,,,,,,,,,,,,,,,,,,,,,,,,,,,,,,,,,,,,,,,,,
捍衛警察權益集會,警察工作權益推動協會,,,,,,,,,,,,,,,,,,,,,,,,,,,,,,,,,,,,,,,,,,,,,,,,,,,,,,,,,,,,,,,,,,,,,,,,,,,,,,,,,,,,,,,,,,,,,,,,,,,,,,,,,,,,,,
16秋鬥,人民火大行動聯盟,三鶯部落自救會,工作傷害受害人協會,中央大學性／別研究室,反南鐵東移自救會,反教育商品化聯盟,日日春關懷互助協會,世新大學社會發展所,台北市產業總工會,台灣TG蝶園,台灣大學工會,反迫遷連線,台灣性別人權協會,台灣高等教育產業工會,台灣國際家庭互助協會,台灣國際勞工協會,台灣基層護理產業工會,醫師勞動條件改革小組,台灣移工聯盟,台灣電子電機資訊產業工會,警察工作權益推動協會,全國自主勞工聯盟,全國教育產業總工會,全國教師工會總聯合會,全國關廠工人連線,青年勞動九五聯盟,非典勞動工作坊,南洋台灣姊妹會,家福股份有限公司工會,桃勤公司企業工會,桃園市教育產業工會,桃園市產業總工會,消防員工作權益促進會,國道收費員自救會,凱基銀行工會,勞動人權協會,黑手那卡西,新竹縣產業總工會,新海瓦斯工會,新移民勞動權益促進會,溫仔圳反迫遷連線,鏟土豪行動,,,,,,,,,,,,,,,,,,,,,,,,,,,,,,,,,,,,,,,,,,,,,,,,,,,,,,,,,,,,,,,,,,,,,
反同集會二,下一代幸福聯盟,,,,,,,,,,,,,,,,,,,,,,,,,,,,,,,,,,,,,,,,,,,,,,,,,,,,,,,,,,,,,,,,,,,,,,,,,,,,,,,,,,,,,,,,,,,,,,,,,,,,,,,,,,,,,,
16身障日行動,台北市新活力自立生活協會,台北市行無礙資源推廣協會,高雄市向陽自立生活協會,中華民國聽障人協會,台灣障礙者權益促進會,同光同志長老教會,,,,,,,,,,,,,,,,,,,,,,,,,,,,,,,,,,,,,,,,,,,,,,,,,,,,,,,,,,,,,,,,,,,,,,,,,,,,,,,,,,,,,,,,,,,,,,,,,,,,,,,,,
婚姻平權音樂會,同志諮詢熱線,台灣同志家庭權益促進會,婦女新知基金會,同志人權法案遊說聯盟,酷摩沙獎,真光福音教會,,,,,,,,,,,,,,,,,,,,,,,,,,,,,,,,,,,,,,,,,,,,,,,,,,,,,,,,,,,,,,,,,,,,,,,,,,,,,,,,,,,,,,,,,,,,,,,,,,,,,,,,,
16法稅改革遊行,法稅改革聯盟,臺灣財經刑法研究學會,中正大學財經法律研究中心,中華人權協會,台灣北社,全民拒吃大便聯盟,稅改青年陣線,1219行動聯盟,真理大學法律學系,真理大學法律扶助協會,,,,,,,,,,,,,,,,,,,,,,,,,,,,,,,,,,,,,,,,,,,,,,,,,,,,,,,,,,,,,,,,,,,,,,,,,,,,,,,,,,,,,,,,,,,,,,,,,,,,,
復航抗爭,復興航空工會,,,,,,,,,,,,,,,,,,,,,,,,,,,,,,,,,,,,,,,,,,,,,,,,,,,,,,,,,,,,,,,,,,,,,,,,,,,,,,,,,,,,,,,,,,,,,,,,,,,,,,,,,,,,,,
反核食衝撞公聽會,中華統一促進黨,國民黨,,,,,,,,,,,,,,,,,,,,,,,,,,,,,,,,,,,,,,,,,,,,,,,,,,,,,,,,,,,,,,,,,,,,,,,,,,,,,,,,,,,,,,,,,,,,,,,,,,,,,,,,,,,,,
原住民傳統領域,沒有人是局外人,原轉小教室,凱道部落,,,,,,,,,,,,,,,,,,,,,,,,,,,,,,,,,,,,,,,,,,,,,,,,,,,,,,,,,,,,,,,,,,,,,,,,,,,,,,,,,,,,,,,,,,,,,,,,,,,,,,,,,,,,
17共生音樂節,共生音樂節籌備團隊,二二八國家紀念館,台灣教授協會,台灣北社,台灣南社,彭明敏文教基金會,台灣獨立建國聯盟,台北市建成扶輪社,,,,,,,,,,,,,,,,,,,,,,,,,,,,,,,,,,,,,,,,,,,,,,,,,,,,,,,,,,,,,,,,,,,,,,,,,,,,,,,,,,,,,,,,,,,,,,,,,,,,,,,
17圖博遊行,西藏台灣人權連線,在台藏人福利協會,藏青會台灣分會,台灣國會西藏連線,台灣人權促進會,台灣自由圖博學會,台灣圖博之友會,國際西藏網絡,廢除死刑推動聯盟,人權公約施行監督聯盟,民間司法改革基金會,台灣關懷中國人權聯盟,台中好民文化協會,對華援助協會,台灣勞工陣線,台灣教師聯盟,台灣北社,台灣大學研究生協會,,,,,,,,,,,,,,,,,,,,,,,,,,,,,,,,,,,,,,,,,,,,,,,,,,,,,,,,,,,,,,,,,,,,,,,,,,,,,,,,,,,,,,,,,,,,,
17女性大遊行,台灣女性長征,,,,,,,,,,,,,,,,,,,,,,,,,,,,,,,,,,,,,,,,,,,,,,,,,,,,,,,,,,,,,,,,,,,,,,,,,,,,,,,,,,,,,,,,,,,,,,,,,,,,,,,,,,,,,,
17反核遊行,全國廢核行動平台,人民火大行動聯盟,台灣蠻野心足生態協會,台灣環境保護聯盟,台灣視覺藝術協會,台灣教授協會,主婦聯盟環境保護基金會,主婦聯盟生活消費合作社,地球公民基金會,北海岸反核行動聯盟,青年佔領政治,綠色公民行動聯盟,綠黨,媽媽監督核電廠聯盟,樹黨,澎湖青年陣線,鹽寮反核自救會,台灣環境資訊協會,青少年發聲網,桃園在地聯盟,環境法律人協會,宜蘭人文基金會,,,,,,,,,,,,,,,,,,,,,,,,,,,,,,,,,,,,,,,,,,,,,,,,,,,,,,,,,,,,,,,,,,,,,,,,,,,,,,,,,,,,,,,,,
砍蔣,台灣建國工程隊,,,,,,,,,,,,,,,,,,,,,,,,,,,,,,,,,,,,,,,,,,,,,,,,,,,,,,,,,,,,,,,,,,,,,,,,,,,,,,,,,,,,,,,,,,,,,,,,,,,,,,,,,,,,,,
17五一遊行,大高雄總工會,2016工鬥,反教育商品化聯盟,台灣電子電機資訊產業工會,台灣高等教育產業工會,台灣大學工會,青年勞動九五聯盟,全國產業總工會,全國金融業工會聯合總會,全國教師工會總聯合會,全國關廠工人連線,非典勞動工作坊,新海瓦斯工會,高雄市產業總工會,桃園市總工會,雲林縣產業總工會,勞動人權協會,團結工聯,市縣政府機關環保工會聯合會,台灣鐵路產業工會,台灣鐵路產業工會,台灣勞動派遣產業工會,台北市企業總工會,台北市社會工作人員職業工會,台中市社會福利產業工會籌備小組,台南市社會工作人員職業工會籌備小組,北區捷運電聯車駕駛產業工會,全國教保產業工會,全國教育產業總工會,全國私立學校產業工會,東海大學工會,花蓮縣社會工作人員職業工會籌備小組,南投縣社會工作人員職業工會籌備小組,消防員工作權益促進會,桃園市空服員職業工會,桃園市社會工作人員職業工會,高雄市社會工作人員職業工會,專櫃暨銷售人員工會,國際社會主義前進,新北市社會工作人員職業工會,嘉基工會,醫師勞動條件改革小組,,,,,,,,,,,,,,,,,,,,,,,,,,,,,,,,,,,,,,,,,,,,,,,,,,,,,,,,,,,,,,,,,,,,,
李明哲事件,台灣教授協會,經濟民主連合,台北市文山社區大學,台灣人權促進會,人權公約施行監督聯盟,民主維新,國會調查兵團,獨立青年陣線,國際特赦組織台灣分會,台灣守護民主平台,民間司法改革基金會,鄭南榕基金會,永社,民間真相與和解促進會,公民監督國會聯盟,人本教育基金會,台灣勞工陣線,廢除死刑推動聯盟,社區大學全國促進會,台灣國際醫學聯盟,華人民主書院,台灣青年反共救國團,台灣維吾爾之友會,婦女新知基金會,台灣自由圖博學聯,,,,,,,,,,,,,,,,,,,,,,,,,,,,,,,,,,,,,,,,,,,,,,,,,,,,,,,,,,,,,,,,,,,,,,,,,,,,,,,,,,,,,,
反同婚集會,下一代幸福聯盟,,,,,,,,,,,,,,,,,,,,,,,,,,,,,,,,,,,,,,,,,,,,,,,,,,,,,,,,,,,,,,,,,,,,,,,,,,,,,,,,,,,,,,,,,,,,,,,,,,,,,,,,,,,,,,
17六四晚會,台灣學生促進中國民主化促進會,華人民主書院,台灣關懷中國人權聯盟,台灣人權促進會,,,,,,,,,,,,,,,,,,,,,,,,,,,,,,,,,,,,,,,,,,,,,,,,,,,,,,,,,,,,,,,,,,,,,,,,,,,,,,,,,,,,,,,,,,,,,,,,,,,,,,,,,,,
台南反西港外環道抗議,西港堀仔頭生態藝術村,反西港外環道不當開闢自救會,能盛興工廠,曾文溪畔西港囝仔,台南社區協力農業,台灣公民自主發電行動團隊,藝工能藝文推廣協會,守護宜蘭工作坊,要健康婆婆媽媽團,翻轉嘉義工作隊,,,,,,,,,,,,,,,,,,,,,,,,,,,,,,,,,,,,,,,,,,,,,,,,,,,,,,,,,,,,,,,,,,,,,,,,,,,,,,,,,,,,,,,,,,,,,,,,,,,,,
阮國非事件,台灣移工聯盟,台灣國際勞工協會,,,,,,,,,,,,,,,,,,,,,,,,,,,,,,,,,,,,,,,,,,,,,,,,,,,,,,,,,,,,,,,,,,,,,,,,,,,,,,,,,,,,,,,,,,,,,,,,,,,,,,,,,,,,,
畢安生紀念晚會,婚姻平權大平台,,,,,,,,,,,,,,,,,,,,,,,,,,,,,,,,,,,,,,,,,,,,,,,,,,,,,,,,,,,,,,,,,,,,,,,,,,,,,,,,,,,,,,,,,,,,,,,,,,,,,,,,,,,,,,
17同志遊行,台灣同志遊行聯盟,台灣基地協會,彩虹旗飄揚團隊,台灣紅絲帶基金會,水男孩,外國駐台代表處聯合大隊,中華身心健康促進暨研究協會,婚姻平權大平台,台灣同志家庭權益促進會,親子共學促進會,國際特赦組織台灣分會,同志父母愛心協會,台灣女性學學會,工具青年陣線,台灣人權促進會,同志人權法案遊說聯盟,島國前進,花東彩虹嘉年華,社會民主黨,台中同志遊行聯盟,時代力量,北台灣學生性/別社團聯盟,中部學生性/別社團聯盟,美國在台協會,國際社會主義前進,台灣性別平等教育協會,婦女新知基金會,驕陽基金會,同志諮詢熱線,手天使,殘酷兒,台灣酷兒權益推動聯盟,新活力自立生活協會,台灣障礙者權益促進會,台灣殘障希望工程協會,台灣性諮商協會,同光同志長老教會,新竹市諮商心理師公會,綠黨,國民黨青年團,台灣電子電機資訊產業工會,bitheway拜訪,無性戀社群,台灣女性長征,台灣伴侶權益推動聯盟,大愛同盟,大台北同學會,彩虹酷兒健康文化中心,,,,,,,,,,,,,,,,,,,,,,,,,,,,,,,,,,,,,,,,,,,,,,,,,,,,,,,,,,,,,,,
反亞泥,地球公民基金會,反亞泥還我土地自救會,台灣蠻野心足生態協會,台灣環境保護聯盟花蓮分會,原住民族青年陣線,,,,,,,,,,,,,,,,,,,,,,,,,,,,,,,,,,,,,,,,,,,,,,,,,,,,,,,,,,,,,,,,,,,,,,,,,,,,,,,,,,,,,,,,,,,,,,,,,,,,,,,,,,
17身障日行動,台灣酷兒權益推動聯盟,台北市行無礙資源推廣協會,台北市新活力自立生活協會,殘障希望工程協會,人權公約施行監督聯盟,,,,,,,,,,,,,,,,,,,,,,,,,,,,,,,,,,,,,,,,,,,,,,,,,,,,,,,,,,,,,,,,,,,,,,,,,,,,,,,,,,,,,,,,,,,,,,,,,,,,,,,,,,
高雄反勞基法修惡遊行,2017拒絕勞基法修惡南部總工會大聯盟,台南市產業總工會,高雄市總工會,高雄市職業總工會,高雄市產業總工會,高雄市機械總工會,高雄市公務機關總工會,高雄市交通運輸總工會,新高市總工會,新高市產業總工會,大高雄總工會,高雄市石化業產業總工會,加工出口區產業工會聯合會,高雄市獨立總工會,,,,,,,,,,,,,,,,,,,,,,,,,,,,,,,,,,,,,,,,,,,,,,,,,,,,,,,,,,,,,,,,,,,,,,,,,,,,,,,,,,,,,,,,,,,,,,,,,
台中黎明幼兒園抗爭,黎明幼兒園保留行動,中台灣公民行動陣線,自辦重劃受害者聯盟,,,,,,,,,,,,,,,,,,,,,,,,,,,,,,,,,,,,,,,,,,,,,,,,,,,,,,,,,,,,,,,,,,,,,,,,,,,,,,,,,,,,,,,,,,,,,,,,,,,,,,,,,,,,
17反空污遊行,台灣健康空氣行動聯盟,台灣護樹團體聯盟,主婦聯盟環境保護基金會,爭好氣聯盟,南部反空污大聯盟,,,,,,,,,,,,,,,,,,,,,,,,,,,,,,,,,,,,,,,,,,,,,,,,,,,,,,,,,,,,,,,,,,,,,,,,,,,,,,,,,,,,,,,,,,,,,,,,,,,,,,,,,,
17法稅改革遊行,法稅改革聯盟,臺灣財經刑法研究學會,中正大學財經法律研究中心,中華人權協會,台灣北社,全民拒吃大便聯盟,稅改青年陣線,1219行動聯盟,真理大學法律學系,真理大學法律扶助協會,,,,,,,,,,,,,,,,,,,,,,,,,,,,,,,,,,,,,,,,,,,,,,,,,,,,,,,,,,,,,,,,,,,,,,,,,,,,,,,,,,,,,,,,,,,,,,,,,,,,,
台北反勞基法修惡遊行,台灣高等教育產業工會,台灣國際勞工協會,台灣電子電機資訊產業工會,全國傳播媒體產業工會,全國教保產業工會,婦女新知基金會,台灣人權促進會,台北市產業總工會,新竹縣產業總工會,勞動人權協會,宜蘭縣產業總工會,桃園市產業總工會,親子共學促進會,醫護工會,大高雄總工會,新高市總工會,台南市產業總工會,苗栗縣產業總工會,新海瓦斯工會,全國自主勞工聯盟,桃園市總工會,雲林縣產業總工會,華航企業工會,台灣鐵路產業工會,中華電信工會,全國金融業工會聯合總會,全國產業總工會,,,,,,,,,,,,,,,,,,,,,,,,,,,,,,,,,,,,,,,,,,,,,,,,,,,,,,,,,,,,,,,,,,,,,,,,,,,,,,,,,,,,
18移工遊行,台灣移工聯盟,台灣國際勞工協會,,,,,,,,,,,,,,,,,,,,,,,,,,,,,,,,,,,,,,,,,,,,,,,,,,,,,,,,,,,,,,,,,,,,,,,,,,,,,,,,,,,,,,,,,,,,,,,,,,,,,,,,,,,,,
二二八遊行,台灣人權促進會,鄭南榕基金會,二二八事件紀念基金會,人民作主教育基金會,人權公約施行監督聯盟,工具青年人陣線,台中市新文化協會,台中好民文化協會,台灣二二八關懷總會,台灣口述歷史學會,台灣文學學會,台灣民間真相與和解促進會,台灣東亞歴史資源交流協會,台灣青年反共救國團,台灣原住民族政策協會,台灣海洋基金會,台灣國家聯盟,台灣基督長老教會,台灣教授協會,台灣陪審團協會,台灣榮信救護團,台灣維吾爾之友會,廢除死刑推動聯盟,台灣蠻野心足生態協會,史明教育基金會,民報文化藝術基金會,民間司法改革基金會,永社,共生音樂節籌備團隊,西藏台灣人權連線,作歷史先備團,青平台基金會,陳文成基金會,楊逵文教協會,經濟民主連合,綠色逗陣之友會,蔡瑞月文化基金會,歷史教師深根聯盟,賴和文教基金會,環境權保障基金會,,,,,,,,,,,,,,,,,,,,,,,,,,,,,,,,,,,,,,,,,,,,,,,,,,,,,,,,,,,,,,,,,,,,,,,
18共生音樂節,共生音樂節籌備團隊,二二八國家紀念館,二二八事件紀念基金會,台灣教授協會,台北二二八紀念館,國家人權博物館籌備處,台灣北社,台灣獨立建國聯盟,,,,,,,,,,,,,,,,,,,,,,,,,,,,,,,,,,,,,,,,,,,,,,,,,,,,,,,,,,,,,,,,,,,,,,,,,,,,,,,,,,,,,,,,,,,,,,,,,,,,,,,
18女性大遊行,台灣女性長征,移工國際台灣分會,桃園市群眾服務協會,時代力量,,,,,,,,,,,,,,,,,,,,,,,,,,,,,,,,,,,,,,,,,,,,,,,,,,,,,,,,,,,,,,,,,,,,,,,,,,,,,,,,,,,,,,,,,,,,,,,,,,,,,,,,,,,
18圖博遊行,西藏台灣人權連線,人權公約施行監督聯盟,在台藏人福利協會,藏青會台灣分會,台灣國會西藏連線,台灣人權促進會,台灣自由圖博學會,台灣圖博之友會,國際西藏網絡,廢除死刑推動聯盟,台中好民文化協會,台灣勞工陣線,對華援助協會,人本教育基金會,永社,,,,,,,,,,,,,,,,,,,,,,,,,,,,,,,,,,,,,,,,,,,,,,,,,,,,,,,,,,,,,,,,,,,,,,,,,,,,,,,,,,,,,,,,,,,,,,,,
18反核遊行,全國廢核行動平台,主婦聯盟環境保護基金會,宜蘭人文基金會,綠色公民行動聯盟,永社,地球公民基金會,環境法律人協會,主婦聯盟生活消費合作社,台灣環境保護聯盟,台灣環境資訊協會,台灣再生能源推動聯盟,桃園在地聯盟,台灣蠻野心足生態協會,綠色消費者基金會,新北市愛鄉協會,媽媽監督核電廠聯盟,綠色和平,綠主張綠電生產合作社,松菸護樹,喜願大豆特工隊,看守台灣協會,台灣基督長老教會,北海岸反核行動聯盟,鹽寮反核自救會,彰化縣環境保護聯盟,搶救大潭藻礁行動聯盟,國際社會主義前進,台北市家長協會,時代力量,台灣教授協會,台灣勞工陣線,綠黨,台灣國際家庭互助協會,基進工作室,台灣守護民主平台,人民民主陣線,工作傷害受害人協會,蘆荻社區大學,同志諮詢熱線,台灣健康空氣行動聯盟,南澳青年聯盟,喜願社區協力農業營生群組,喜願小麥農友團,喜願咱糧聚樂部,喜願麵包工作坊,喜願穀物製粉所,喜願日光發電場,主婦聯盟環境保護基金會,樹黨,雙溪反水庫自救會,臺灣實踐民權發展社,,,,,,,,,,,,,,,,,,,,,,,,,,,,,,,,,,,,,,,,,,,,,,,,,,,,,,,,,,,,
大觀社區恨行,大觀事件自救會,鏟土豪行動,人民民主陣線,反南鐵東移自救會,,,,,,,,,,,,,,,,,,,,,,,,,,,,,,,,,,,,,,,,,,,,,,,,,,,,,,,,,,,,,,,,,,,,,,,,,,,,,,,,,,,,,,,,,,,,,,,,,,,,,,,,,,,
MeToo大遊行,勵馨基金會,台灣少年權益與福利促進聯盟,台灣防暴聯盟,,,,,,,,,,,,,,,,,,,,,,,,,,,,,,,,,,,,,,,,,,,,,,,,,,,,,,,,,,,,,,,,,,,,,,,,,,,,,,,,,,,,,,,,,,,,,,,,,,,,,,,,,,,,
反年改包圍立院,八百壯士捍衛中華協會,,,,,,,,,,,,,,,,,,,,,,,,,,,,,,,,,,,,,,,,,,,,,,,,,,,,,,,,,,,,,,,,,,,,,,,,,,,,,,,,,,,,,,,,,,,,,,,,,,,,,,,,,,,,,,
18五一遊行,桃園市總工會,全國金融業工會聯合總會,醫護工會,社工工會,全國教保產業工會,勞動視野協會,婦女新知基金會,全國產業總工會,高雄市產業總工會,台灣高等教育產業工會,台灣電子電機資訊產業工會,雲林縣產業總工會,台塑關係企業工會聯合會,桃園市產業總工會,宜蘭縣產業總工會,全國教師工會總聯合會,勞動人權協會,反教育商品化聯盟,台灣國際勞工協會,華航企業工會,新海瓦斯工會,大高雄總工會,新高市總工會,台南市產業總工會,台灣護師醫療產業工會,苗栗縣產業總工會,新竹縣產業總工會,全國自主勞工聯盟,台北市產業總工會,中華電信工會,,,,,,,,,,,,,,,,,,,,,,,,,,,,,,,,,,,,,,,,,,,,,,,,,,,,,,,,,,,,,,,,,,,,,,,,,,,,,,,,,
支持陪審大遊行,台灣陪審團協會,台灣社,台灣北社,台灣東社,台灣客社,台灣南社,台灣司法改革關懷互助協會,永社,台灣公民參與協會,台灣環境保護聯盟,台灣教師聯盟,城鄉改造環境保護基金會,陳文成基金會,反司法濫權行動聯盟,中華國家法治改造促進會,法稅改革聯盟,台北水噹噹姊妹聯盟,自由台灣黨,市港合一協會,台中市正義連線建國會,公民新聞社,台灣國會透明化促進協會,建成扶輪社,全美台灣人權協會,軍中人權暨受害家屬協會,台灣未來黨,台北市婦女新知協會,908台灣國總部,一邊一國行動聯盟,鄭南榕基金會,台灣國辦公室,中華民國兒童權益促進協會,民間司法改革基金會,蔡瑞月文化基金會,公民監督國會聯盟,勵馨基金會,台灣小留學生家長協進會,中華國際物流與運輸經營協會,新北市陸一特協會,言論自由聯盟,台灣學習黨,公投護台灣聯盟,,,,,,,,,,,,,,,,,,,,,,,,,,,,,,,,,,,,,,,,,,,,,,,,,,,,,,,,,,,,,,,,,,,,,
挺管新五四運動,台大自主聯盟,,,,,,,,,,,,,,,,,,,,,,,,,,,,,,,,,,,,,,,,,,,,,,,,,,,,,,,,,,,,,,,,,,,,,,,,,,,,,,,,,,,,,,,,,,,,,,,,,,,,,,,,,,,,,,
障礙者需要性遊行,手天使,殘酷兒,,,,,,,,,,,,,,,,,,,,,,,,,,,,,,,,,,,,,,,,,,,,,,,,,,,,,,,,,,,,,,,,,,,,,,,,,,,,,,,,,,,,,,,,,,,,,,,,,,,,,,,,,,,,,
18法稅改革遊行,法稅改革聯盟,臺灣財經刑法研究學會,中正大學財經法律研究中心,中華人權協會,台灣北社,全民拒吃大便聯盟,稅改青年陣線,1219行動聯盟,真理大學法律學系,真理大學法律扶助協會,,,,,,,,,,,,,,,,,,,,,,,,,,,,,,,,,,,,,,,,,,,,,,,,,,,,,,,,,,,,,,,,,,,,,,,,,,,,,,,,,,,,,,,,,,,,,,,,,,,,,
敬鵬大火聯合遊行,消防員工作權益促進會,台灣移工聯盟,桃園市產業總工會,地球公民基金會,綠色公民行動聯盟,環境權保障基金會,工作傷害受害人協會,,,,,,,,,,,,,,,,,,,,,,,,,,,,,,,,,,,,,,,,,,,,,,,,,,,,,,,,,,,,,,,,,,,,,,,,,,,,,,,,,,,,,,,,,,,,,,,,,,,,,,,,
18六四晚會,華人民主書院,台灣關懷中國人權聯盟,台灣人權促進會,台灣智庫,青平台基金會,人權公約施行監督聯盟,廢除死刑推動聯盟,西藏台灣人權連線,陳文成基金會,無國界記者,台灣聲援中國人權律師聯盟,台灣維吾爾之友會,台灣青年反共救國團,台灣圖博之友會,,,,,,,,,,,,,,,,,,,,,,,,,,,,,,,,,,,,,,,,,,,,,,,,,,,,,,,,,,,,,,,,,,,,,,,,,,,,,,,,,,,,,,,,,,,,,,,,,
